,Unnamed: 0,Latitude,Longitude,DateTime,case_list,PeopleAffected
0,0,20.46039723,85.88627168,06-02-2021 13:45,Extortion,1
1,1,20.46540986,85.88092145,07-04-2021 14:08,Unlawful Assembly,3
2,2,20.46080643,85.88911058,16-04-2021 23:51,Theft,2
3,3,20.46336391,85.87775498,17-03-2021 10:25,Extortion,5
4,4,20.45947653,85.87578959,01-03-2021 10:18,Grievous Hurt,3
5,5,20.45865812,85.88998409,19-03-2021 08:39,Extortion,3
6,6,20.44852995,85.89358731,26-01-2021 23:48,Grievous Hurt,5
7,7,20.44934841,85.887036,20-01-2021 02:53,Robbery,5
8,8,20.45579365,85.87393338,20-04-2021 15:38,Criminal Breach of Trust,1
9,9,20.45855582,85.88430629,25-03-2021 02:06,Criminal Breach of Trust,4
10,10,20.46182943,85.88670844,27-02-2021 21:09,Criminal Breach of Trust,4
11,11,20.45906732,85.87709985,08-04-2021 08:39,Extortion,3
12,12,20.4577374,85.87655391,12-04-2021 02:47,Extortion,6
13,13,20.45681668,85.87633553,19-03-2021 10:26,Extortion,4
14,14,20.45650978,85.87906524,07-03-2021 04:13,Extortion,5
15,15,20.46039723,85.88572574,12-01-2021 06:38,Robbery,3
16,16,20.46408,85.88430629,03-02-2021 07:34,Theft,3
17,17,20.45957883,85.88103064,21-03-2021 21:41,Assault,4
18,18,20.48081358,85.86997577,25-02-2021 16:50,Robbery,2
19,19,20.46576079,85.86239245,01-01-2021 04:55,Grievous Hurt,1
20,20,20.45484529,85.87655125,14-03-2021 09:05,Criminal Breach of Trust,5
21,21,20.46579171,85.85965311,13-03-2021 03:34,Theft,3
22,22,20.45947653,85.87578959,04-03-2021 19:07,Robbery,6
23,23,20.45865812,85.88998409,22-04-2021 23:05,Criminal Breach of Trust,1
24,24,20.44852995,85.89358731,11-01-2021 04:59,Criminal Breach of Trust,6
25,25,20.44934841,85.887036,14-01-2021 00:32,Extortion,6
26,26,20.45579365,85.87393338,29-03-2021 01:15,Assault,2
27,27,20.45855582,85.88430629,26-02-2021 14:32,Robbery,2
28,28,20.46182943,85.88670844,19-03-2021 19:40,Extortion,1
29,29,20.45906732,85.87709985,26-01-2021 01:22,Assault,4
30,30,20.4577374,85.87655391,21-01-2021 21:04,Robbery,1
31,31,20.45681668,85.87633553,22-02-2021 12:09,Robbery,4
32,32,20.45650978,85.87906524,01-01-2021 21:26,Grievous Hurt,2
33,33,20.46039723,85.88572574,21-04-2021 12:16,Criminal Breach of Trust,5
34,34,20.46408,85.88430629,27-02-2021 13:06,Robbery,1
35,35,20.46653381,85.86407567,07-01-2021 08:48,Assault,4
36,36,20.45688621,85.87810244,10-02-2021 05:49,Grievous Hurt,2
37,37,20.45704633,85.88147337,07-02-2021 00:27,Grievous Hurt,1
38,38,20.45833077,85.88464267,18-01-2021 00:24,Robbery,1
39,39,20.45516798,85.88546816,16-02-2021 10:51,Extortion,1
40,40,20.4572535,85.88642632,03-01-2021 08:40,Grievous Hurt,3
41,41,20.45674248,85.88287376,29-03-2021 01:59,Grievous Hurt,5
42,42,20.46157933,85.88390014,03-03-2021 00:17,Assault,5
43,43,20.45882993,85.88448705,08-03-2021 07:32,Grievous Hurt,4
44,44,20.45746354,85.88557193,15-03-2021 15:56,Unlawful Assembly,1
45,45,20.46031294,85.87970289,17-04-2021 19:13,Theft,6
46,46,20.46307898,85.87979181,17-01-2021 18:55,Assault,3
47,47,20.46089237,85.88268176,17-03-2021 17:29,Assault,3
48,48,20.46010223,85.8801205,01-01-2021 06:11,Assault,3
49,49,20.45746841,85.87893357,13-02-2021 06:49,Robbery,1
50,50,20.45738061,85.88424351,08-02-2021 08:56,Criminal Breach of Trust,6
51,51,20.45667825,85.88105754,07-04-2021 20:45,Theft,5
52,52,20.45717575,85.87990185,30-01-2021 04:39,Extortion,5
53,53,20.45706078,85.88203928,03-02-2021 12:02,Criminal Breach of Trust,1
54,54,20.45667729,85.88435053,04-04-2021 07:48,Assault,4
55,55,20.45842373,85.88067432,13-04-2021 21:01,Extortion,4
56,56,20.45701688,85.88007888,18-01-2021 10:23,Robbery,1
57,57,20.45582127,85.92100725,01-02-2021 00:57,Robbery,3
58,58,20.45403607,85.92384963,18-02-2021 14:48,Theft,4
59,59,20.45453359,85.92097602,08-03-2021 04:37,Assault,6
60,60,20.45637731,85.92028885,07-02-2021 20:52,Criminal Breach of Trust,2
61,61,20.45552862,85.92097602,19-02-2021 17:25,Robbery,5
62,62,20.46060183,85.88572574,16-04-2021 08:12,Robbery,2
63,63,20.4574305,85.92317739,05-02-2021 13:51,Extortion,3
64,64,20.45405449,85.92077524,19-04-2021 14:29,Theft,2
65,65,20.45886272,85.92088443,09-01-2021 20:02,Criminal Breach of Trust,6
66,66,20.45374758,85.91793634,18-03-2021 06:31,Unlawful Assembly,6
67,67,20.45395218,85.92339577,24-02-2021 08:24,Criminal Breach of Trust,2
68,68,20.45487292,85.91815472,29-01-2021 13:46,Unlawful Assembly,4
69,69,20.4543614,85.92328658,15-03-2021 11:44,Extortion,5
70,70,20.45303144,85.92110281,06-01-2021 16:32,Extortion,1
71,71,20.45528214,85.928746,27-01-2021 01:12,Assault,5
72,72,20.4573282,85.92099362,18-04-2021 11:18,Assault,3
73,73,20.4588828,85.88440111,08-04-2021 09:57,Unlawful Assembly,5
74,74,20.45735712,85.88678411,01-01-2021 07:16,Theft,5
75,75,20.45702222,85.88571176,26-03-2021 04:32,Criminal Breach of Trust,4
76,76,20.46007357,85.88364649,17-01-2021 21:58,Robbery,2
77,77,20.45944098,85.88519544,03-04-2021 19:08,Assault,5
78,78,20.45860372,85.88316989,04-04-2021 11:20,Assault,6
79,79,20.45689198,85.88318975,26-01-2021 20:19,Assault,2
80,80,20.45828742,85.88156136,10-03-2021 16:14,Theft,4
81,81,20.45689198,85.88158122,18-03-2021 10:06,Grievous Hurt,2
82,82,20.45687337,85.88029043,21-02-2021 00:37,Criminal Breach of Trust,5
83,83,20.45730131,85.87913865,08-03-2021 08:29,Extortion,3
84,84,20.45906886,85.88507629,18-02-2021 09:20,Criminal Breach of Trust,5
85,85,20.45914328,85.88054859,21-01-2021 01:14,Unlawful Assembly,4
86,86,20.45612913,85.88634723,14-04-2021 21:27,Theft,2
87,87,20.4575804,85.88718128,09-02-2021 03:35,Extortion,1
88,88,20.45556764,85.92196314,26-03-2021 08:33,Extortion,6
89,89,20.45535202,85.92094402,15-03-2021 18:56,Extortion,3
90,90,20.45477706,85.92379315,19-03-2021 21:14,Theft,4
91,91,20.45352445,85.92200697,29-03-2021 07:45,Theft,4
92,92,20.45544443,85.9239137,14-02-2021 23:10,Unlawful Assembly,2
93,93,20.45468284,85.92512625,02-01-2021 03:10,Robbery,2
94,94,20.45533149,85.92203984,05-03-2021 19:57,Theft,1
95,95,20.45439746,85.92390792,27-02-2021 12:17,Unlawful Assembly,3
96,96,20.45449259,85.921742,27-01-2021 22:22,Unlawful Assembly,6
97,97,20.45633168,85.92069289,06-01-2021 23:20,Robbery,2
98,98,20.46684201,85.88496142,19-01-2021 14:41,Grievous Hurt,1
99,99,20.46479608,85.87830092,02-01-2021 18:21,Unlawful Assembly,2
100,100,20.46346621,85.87447933,05-03-2021 07:28,Criminal Breach of Trust,6
101,101,20.45477062,85.88408791,09-04-2021 01:45,Theft,5
102,102,20.45589596,85.88103064,18-04-2021 01:31,Extortion,4
103,103,20.4542591,85.87808255,07-01-2021 02:08,Assault,6
104,104,20.46090873,85.88758194,07-01-2021 18:44,Extortion,2
105,105,20.45988573,85.88201333,07-01-2021 11:09,Theft,4
106,106,20.45886272,85.87513446,15-01-2021 07:08,Theft,3
107,107,20.46408,85.87731823,11-02-2021 01:10,Criminal Breach of Trust,1
108,108,20.46418229,85.88408791,20-03-2021 22:15,Assault,5
109,109,20.46510297,85.87109448,04-01-2021 09:44,Grievous Hurt,3
110,110,20.46049953,85.88627168,28-02-2021 12:12,Theft,5
111,111,20.45865812,85.88998409,16-03-2021 06:57,Criminal Breach of Trust,1
112,112,20.44852995,85.89358731,10-02-2021 10:36,Robbery,1
113,113,20.44934841,85.887036,18-03-2021 10:06,Theft,5
114,114,20.45579365,85.87393338,21-02-2021 08:32,Grievous Hurt,5
115,115,20.45855582,85.88430629,19-04-2021 12:40,Assault,2
116,116,20.46182943,85.88670844,03-02-2021 20:01,Theft,3
117,117,20.45906732,85.87709985,18-03-2021 00:59,Theft,6
118,118,20.4577374,85.87655391,01-03-2021 22:23,Grievous Hurt,1
119,119,20.45681668,85.87633553,02-01-2021 03:00,Grievous Hurt,3
120,120,20.45650978,85.87906524,14-03-2021 04:58,Criminal Breach of Trust,2
121,121,20.46039723,85.88572574,13-04-2021 11:23,Theft,1
122,122,20.46408,85.88430629,27-04-2021 03:04,Unlawful Assembly,5
123,123,20.45957883,85.88103064,05-04-2021 22:54,Theft,5
124,124,20.46060183,85.88572574,28-01-2021 14:47,Grievous Hurt,4
125,125,20.4574305,85.92317739,01-01-2021 09:15,Robbery,4
126,126,20.45405449,85.92077524,18-04-2021 08:43,Criminal Breach of Trust,2
127,127,20.45886272,85.92088443,12-03-2021 17:48,Robbery,2
128,128,20.45374758,85.91793634,19-02-2021 17:00,Assault,2
129,129,20.45395218,85.92339577,11-04-2021 05:54,Unlawful Assembly,6
130,130,20.45487292,85.91815472,24-01-2021 09:46,Criminal Breach of Trust,6
131,131,20.4543614,85.92328658,11-04-2021 21:05,Extortion,1
132,132,20.45303144,85.92110281,29-03-2021 03:36,Unlawful Assembly,5
133,133,20.45528214,85.928746,08-01-2021 06:48,Theft,5
134,134,20.4573282,85.92099362,06-04-2021 01:35,Grievous Hurt,3
135,135,20.45589596,85.91673527,17-04-2021 19:44,Robbery,5
136,136,20.4575328,85.92514278,16-02-2021 18:34,Assault,2
137,137,20.4565281,85.92521916,12-02-2021 06:13,Assault,4
138,138,20.45728185,85.9273226,27-01-2021 20:15,Criminal Breach of Trust,5
139,139,20.45712102,85.92045615,09-03-2021 20:09,Assault,2
140,140,20.45261756,85.92191527,11-03-2021 17:11,Extortion,6
141,141,20.45559307,85.92607806,15-01-2021 01:44,Criminal Breach of Trust,2
142,142,20.45663851,85.92663596,19-02-2021 04:27,Criminal Breach of Trust,2
143,143,20.46328414,85.88028555,02-02-2021 01:00,Robbery,4
144,144,20.46299411,85.88066881,10-01-2021 23:06,Grievous Hurt,3
145,145,20.46158541,85.88139112,26-04-2021 04:08,Robbery,3
146,146,20.46097773,85.88298313,31-01-2021 09:38,Robbery,1
147,147,20.45991429,85.88383811,27-02-2021 06:47,Theft,2
148,148,20.45696346,85.88300643,31-03-2021 13:49,Criminal Breach of Trust,1
149,149,20.45656293,85.88274109,14-01-2021 23:11,Grievous Hurt,4
150,150,20.45594538,85.92363034,26-02-2021 00:38,Grievous Hurt,5
151,151,20.45529217,85.92161418,14-01-2021 16:03,Extortion,5
152,152,20.45458599,85.92538269,02-02-2021 17:43,Extortion,4
153,153,20.45395043,85.92202872,15-04-2021 14:31,Assault,1
154,154,20.45412697,85.92029521,26-01-2021 14:29,Grievous Hurt,3
155,155,20.45522155,85.92110543,09-04-2021 19:05,Grievous Hurt,3
156,156,20.45571587,85.92298969,20-04-2021 16:02,Extortion,6
157,157,20.45560995,85.92476089,19-04-2021 20:18,Extortion,4
158,158,20.45534513,85.92033289,01-02-2021 18:51,Grievous Hurt,2
159,159,20.45515093,85.92110543,14-04-2021 00:14,Criminal Breach of Trust,4
160,160,20.45567445,85.92385222,26-04-2021 13:32,Unlawful Assembly,3
161,161,20.45582078,85.92425827,09-03-2021 17:25,Theft,3
162,162,20.45548423,85.92264967,21-04-2021 08:16,Assault,3
163,163,20.45576225,85.92492982,04-02-2021 15:04,Grievous Hurt,1
164,164,20.45514768,85.92503914,11-04-2021 14:16,Theft,2
165,165,20.45558126,85.92275612,02-01-2021 23:37,Unlawful Assembly,6
166,166,20.47993576,85.86569658,05-02-2021 00:26,Unlawful Assembly,6
167,167,20.48090136,85.86416607,03-02-2021 21:21,Extortion,6
168,168,20.47955537,85.86604017,14-02-2021 07:15,Criminal Breach of Trust,6
169,169,20.47987724,85.8699133,30-01-2021 05:39,Criminal Breach of Trust,5
170,170,20.48081358,85.86997577,12-01-2021 11:19,Criminal Breach of Trust,3
171,171,20.46576079,85.86239245,07-04-2021 08:18,Grievous Hurt,4
172,172,20.45484529,85.87655125,06-02-2021 06:50,Assault,6
173,173,20.46579171,85.85965311,03-02-2021 02:04,Assault,1
174,174,20.46653381,85.86407567,30-01-2021 19:17,Assault,4
175,175,20.45688621,85.87810244,12-03-2021 09:00,Extortion,2
176,176,20.45704633,85.88147337,30-03-2021 05:38,Robbery,4
177,177,20.45833077,85.88464267,22-01-2021 18:53,Extortion,6
178,178,20.45516798,85.88546816,18-01-2021 13:09,Theft,4
179,179,20.4572535,85.88642632,22-02-2021 16:10,Unlawful Assembly,5
180,180,20.45674248,85.88287376,25-01-2021 17:27,Robbery,4
181,181,20.46157933,85.88390014,08-02-2021 23:50,Criminal Breach of Trust,5
182,182,20.45882993,85.88448705,09-01-2021 03:28,Criminal Breach of Trust,5
183,183,20.45746354,85.88557193,01-04-2021 16:11,Criminal Breach of Trust,6
184,184,20.46031294,85.87970289,12-03-2021 13:32,Theft,3
185,185,20.46307898,85.87979181,02-02-2021 13:10,Theft,2
186,186,20.46089237,85.88268176,14-03-2021 09:10,Robbery,2
187,187,20.46010223,85.8801205,16-03-2021 11:12,Extortion,3
188,188,20.45746841,85.87893357,02-03-2021 05:25,Criminal Breach of Trust,3
189,189,20.45738061,85.88424351,19-02-2021 09:01,Extortion,5
190,190,20.45667825,85.88105754,13-03-2021 01:15,Theft,5
191,191,20.45717575,85.87990185,07-04-2021 22:55,Criminal Breach of Trust,3
192,192,20.45706078,85.88203928,24-01-2021 05:50,Grievous Hurt,4
193,193,20.45667729,85.88435053,28-01-2021 05:14,Criminal Breach of Trust,6
194,194,20.45842373,85.88067432,28-01-2021 05:52,Criminal Breach of Trust,4
195,195,20.45701688,85.88007888,06-04-2021 00:53,Grievous Hurt,4
196,196,20.45582127,85.92100725,02-01-2021 00:57,Unlawful Assembly,5
197,197,20.45403607,85.92384963,09-01-2021 14:35,Assault,2
198,198,20.45453359,85.92097602,27-02-2021 04:12,Grievous Hurt,3
199,199,20.45637731,85.92028885,17-04-2021 15:48,Robbery,5
200,200,20.45552862,85.92097602,21-03-2021 14:23,Theft,6
201,201,20.45230939,85.9232874,16-01-2021 05:57,Criminal Breach of Trust,4
202,202,20.45541155,85.9252552,22-03-2021 01:13,Theft,4
203,203,20.45573347,85.92088231,27-03-2021 02:21,Unlawful Assembly,3
204,204,20.45634804,85.92041379,06-03-2021 12:45,Extortion,3
205,205,20.45292398,85.92566126,11-02-2021 22:24,Robbery,4
206,206,20.45643362,85.92393882,31-01-2021 07:13,Theft,5
207,207,20.45538992,85.92227927,04-04-2021 16:24,Grievous Hurt,5
208,208,20.45426101,85.92396155,10-04-2021 11:19,Criminal Breach of Trust,6
209,209,20.4538776,85.9252119,27-03-2021 16:50,Unlawful Assembly,5
210,210,20.45447401,85.92218833,25-03-2021 20:59,Grievous Hurt,1
211,211,20.45579462,85.92187006,18-03-2021 19:05,Unlawful Assembly,2
212,212,20.45507042,85.92555291,15-04-2021 11:53,Extortion,5
213,213,20.45436751,85.9250073,10-01-2021 14:06,Grievous Hurt,4
214,214,20.45526212,85.92121079,09-04-2021 10:20,Criminal Breach of Trust,6
215,215,20.45462311,85.92007411,02-01-2021 15:32,Assault,5
216,216,20.45545382,85.92427982,12-02-2021 23:04,Unlawful Assembly,6
217,217,20.45409713,85.92315997,30-03-2021 07:15,Assault,5
218,218,20.45407439,85.92348228,15-02-2021 03:29,Extortion,1
219,219,20.45487648,85.92358109,16-03-2021 23:53,Robbery,3
220,220,20.4543645,85.92522039,24-03-2021 13:48,Extortion,4
221,221,20.45547673,85.92035901,13-02-2021 10:36,Unlawful Assembly,3
222,222,20.45563099,85.92319376,04-01-2021 21:49,Theft,2
223,223,20.45315052,85.92180388,20-01-2021 14:51,Unlawful Assembly,5
224,224,20.45451478,85.92574186,06-04-2021 06:32,Theft,2
225,225,20.45532093,85.92054638,17-03-2021 02:31,Criminal Breach of Trust,3
226,226,20.45432875,85.92339231,04-04-2021 21:15,Unlawful Assembly,1
227,227,20.45684505,85.92449354,20-02-2021 15:59,Assault,6
228,228,20.45533742,85.92510993,16-01-2021 10:40,Assault,5
229,229,20.45466926,85.92494536,26-04-2021 05:55,Theft,1
230,230,20.45479775,85.92148941,08-03-2021 19:18,Assault,1
231,231,20.45362622,85.9224909,04-03-2021 05:39,Assault,3
232,232,20.45449946,85.92268506,31-03-2021 06:10,Grievous Hurt,2
233,233,20.4554212,85.92352645,17-03-2021 18:10,Criminal Breach of Trust,4
234,234,20.45497246,85.92232262,04-04-2021 16:44,Unlawful Assembly,3
235,235,20.45594538,85.92363034,13-02-2021 05:30,Robbery,3
236,236,20.45529217,85.92161418,03-03-2021 16:06,Unlawful Assembly,3
237,237,20.45458599,85.92538269,08-01-2021 18:22,Grievous Hurt,3
238,238,20.45395043,85.92202872,23-02-2021 18:56,Theft,2
239,239,20.45412697,85.92029521,23-01-2021 06:00,Criminal Breach of Trust,4
240,240,20.45522155,85.92110543,28-02-2021 16:31,Criminal Breach of Trust,4
241,241,20.45571587,85.92298969,08-01-2021 04:51,Robbery,6
242,242,20.45560995,85.92476089,09-01-2021 09:16,Assault,5
243,243,20.45534513,85.92033289,03-04-2021 14:31,Extortion,2
244,244,20.45515093,85.92110543,11-04-2021 13:40,Grievous Hurt,3
245,245,20.45567445,85.92385222,23-03-2021 04:42,Theft,6
246,246,20.45582078,85.92425827,12-03-2021 01:29,Grievous Hurt,4
247,247,20.45548423,85.92264967,25-04-2021 00:19,Robbery,6
248,248,20.45576225,85.92492982,08-04-2021 11:55,Robbery,1
249,249,20.45514768,85.92503914,16-01-2021 19:36,Extortion,2
250,250,20.45558126,85.92275612,27-02-2021 06:31,Grievous Hurt,5
251,251,20.47993576,85.86569658,06-04-2021 11:16,Extortion,2
252,252,20.48090136,85.86416607,07-03-2021 14:23,Theft,6
253,253,20.47955537,85.86604017,05-02-2021 08:06,Criminal Breach of Trust,6
254,254,20.47987724,85.8699133,13-02-2021 18:14,Theft,1
255,255,20.48081358,85.86997577,29-01-2021 15:27,Theft,2
256,256,20.46576079,85.86239245,11-01-2021 03:11,Criminal Breach of Trust,6
257,257,20.45484529,85.87655125,17-04-2021 02:37,Criminal Breach of Trust,2
258,258,20.46579171,85.85965311,25-04-2021 08:55,Extortion,2
259,259,20.46653381,85.86407567,14-01-2021 13:57,Unlawful Assembly,1
260,260,20.45688621,85.87810244,21-04-2021 20:17,Theft,5
261,261,20.46461671,85.86057722,25-02-2021 09:49,Assault,2
262,262,20.45787573,85.87358087,25-01-2021 12:23,Extortion,6
263,263,20.4572882,85.87688129,17-02-2021 02:13,Criminal Breach of Trust,5
264,264,20.46322525,85.8643397,27-02-2021 10:10,Extortion,6
265,265,20.45735005,85.87493404,14-02-2021 20:34,Theft,6
266,266,20.45642236,85.87863051,17-01-2021 05:07,Criminal Breach of Trust,5
267,267,20.45945277,85.87519807,11-01-2021 16:16,Extortion,5
268,268,20.45997845,85.87886154,30-03-2021 03:24,Assault,3
269,269,20.45864879,85.87216169,17-02-2021 23:17,Extortion,1
270,270,20.4539429,85.88643311,21-01-2021 19:27,Robbery,3
271,271,20.45699881,85.88051079,12-04-2021 12:17,Robbery,4
272,272,20.45876799,85.88347195,22-01-2021 15:14,Assault,6
273,273,20.46017527,85.881927,29-03-2021 00:56,Criminal Breach of Trust,6
274,274,20.45904945,85.88330029,25-03-2021 13:10,Criminal Breach of Trust,4
275,275,20.45663693,85.88381527,19-04-2021 07:49,Unlawful Assembly,2
276,276,20.45844632,85.88059662,08-04-2021 07:45,Robbery,3
277,277,20.45973299,85.88372944,01-01-2021 20:47,Theft,3
278,278,20.4569586,85.88042496,03-04-2021 15:25,Unlawful Assembly,4
279,279,20.45993403,85.88166951,01-04-2021 00:47,Robbery,5
280,280,20.48011132,85.86994453,27-02-2021 03:21,Theft,6
281,281,20.48228811,85.86750744,25-04-2021 05:14,Criminal Breach of Trust,3
282,282,20.48518264,85.86351632,11-01-2021 06:30,Extortion,1
283,283,20.48634848,85.86055516,11-03-2021 00:51,Theft,6
284,284,20.47935331,85.86617707,10-01-2021 12:15,Theft,6
285,285,20.47971514,85.86840867,07-02-2021 16:02,Assault,6
286,286,20.47822763,85.86355923,13-02-2021 13:58,Unlawful Assembly,1
287,287,20.48389619,85.86930989,10-02-2021 02:32,Extortion,4
288,288,20.47999656,85.8662629,11-04-2021 23:30,Criminal Breach of Trust,2
289,289,20.48188608,85.86222886,04-01-2021 06:26,Criminal Breach of Trust,5
290,290,20.48671029,85.86390255,17-02-2021 21:36,Robbery,1
291,291,20.48626808,85.86583375,03-01-2021 22:48,Unlawful Assembly,4
292,292,20.4870721,85.86334466,24-03-2021 08:16,Extortion,2
293,293,20.48401679,85.8690524,26-04-2021 07:02,Grievous Hurt,4
294,294,20.48063981,85.87059735,17-02-2021 03:43,Assault,3
295,295,20.48393639,85.86909531,19-02-2021 01:26,Criminal Breach of Trust,1
296,296,20.48530325,85.86373089,06-02-2021 00:28,Robbery,4
297,297,20.4842178,85.86549042,24-03-2021 07:38,Assault,5
298,298,20.4805996,85.86557625,03-04-2021 22:46,Theft,6
299,299,20.48132325,85.87008236,07-03-2021 01:55,Grievous Hurt,4
300,300,20.48120264,85.87008236,31-03-2021 23:35,Assault,3
301,301,20.48116244,85.86424588,04-02-2021 10:26,Extortion,5
302,302,20.48124285,85.86986779,10-01-2021 03:14,Extortion,4
303,303,20.48389619,85.86892365,08-03-2021 12:47,Assault,5
304,304,20.4840972,85.86870907,24-04-2021 23:48,Grievous Hurt,4
305,305,20.4821675,85.86222886,14-03-2021 14:28,Extortion,1
306,306,20.48204689,85.86450337,27-04-2021 04:02,Assault,1
307,307,20.48365498,85.86493252,20-01-2021 22:25,Criminal Breach of Trust,5
308,308,20.48297154,85.8690524,14-02-2021 10:09,Grievous Hurt,1
309,309,20.47959453,85.86785077,28-03-2021 20:01,Criminal Breach of Trust,2
310,310,20.45876799,85.88338612,17-01-2021 03:08,Assault,4
311,311,20.45691839,85.88098286,01-03-2021 04:11,Grievous Hurt,1
312,312,20.45615442,85.88488816,15-01-2021 14:10,Theft,4
313,313,20.45623484,85.88411568,24-01-2021 23:56,Extortion,1
314,314,20.46025569,85.8774638,10-04-2021 17:01,Assault,6
315,315,20.4592907,85.88261364,03-03-2021 08:44,Extortion,3
316,316,20.45663693,85.88021039,10-02-2021 15:20,Robbery,3
317,317,20.45856694,85.88239907,26-03-2021 05:53,Extortion,2
318,318,20.45623484,85.88076829,08-02-2021 00:55,Unlawful Assembly,5
319,319,20.45679776,85.88398694,14-01-2021 07:56,Unlawful Assembly,3
320,320,20.45728027,85.88038205,09-04-2021 11:05,Criminal Breach of Trust,5
321,321,20.45736069,85.87986706,23-01-2021 17:35,Extortion,5
322,322,20.45945153,85.88278531,09-01-2021 11:35,Grievous Hurt,1
323,323,20.45719985,85.88076829,23-01-2021 22:12,Unlawful Assembly,3
324,324,20.45619463,85.88188408,26-02-2021 19:32,Theft,2
325,325,20.456074,85.87694882,04-03-2021 11:53,Assault,1
326,326,20.45462646,85.88209866,12-02-2021 02:45,Robbery,2
327,327,20.45531002,85.88402985,27-01-2021 06:21,Theft,2
328,328,20.45595337,85.8847165,09-02-2021 02:07,Grievous Hurt,6
329,329,20.45699881,85.87999581,07-03-2021 20:59,Criminal Breach of Trust,4
330,330,20.45985361,85.88368653,10-04-2021 14:43,Criminal Breach of Trust,4
331,331,20.45832569,85.87870835,06-04-2021 23:30,Assault,1
332,332,20.45450584,85.88480233,25-02-2021 05:31,Assault,2
333,333,20.45603379,85.88227032,16-02-2021 03:07,Assault,6
334,334,20.45756173,85.87896584,25-04-2021 09:15,Extortion,4
335,335,20.46142172,85.87918042,30-01-2021 08:42,Robbery,1
336,336,20.45953194,85.87888001,27-03-2021 00:33,Grievous Hurt,5
337,337,20.46001444,85.88222741,13-04-2021 05:00,Theft,1
338,338,20.45812465,85.87909459,11-03-2021 02:54,Theft,1
339,339,20.45643588,85.88218449,09-01-2021 09:12,Criminal Breach of Trust,6
340,340,20.46005465,85.87982415,05-01-2021 17:41,Extortion,6
341,341,20.45848653,85.88068245,25-01-2021 12:46,Robbery,1
342,342,20.45615442,85.88008164,15-03-2021 21:23,Unlawful Assembly,2
343,343,20.45848653,85.88227032,02-03-2021 07:44,Grievous Hurt,3
344,344,20.46315064,85.88287114,11-01-2021 14:01,Unlawful Assembly,5
345,345,20.46065777,85.88308571,15-03-2021 12:57,Criminal Breach of Trust,6
346,346,20.45921028,85.88218449,12-01-2021 18:09,Criminal Breach of Trust,2
347,347,20.456074,85.88407277,01-02-2021 18:17,Criminal Breach of Trust,1
348,348,20.45768236,85.8791375,03-01-2021 10:16,Assault,6
349,349,20.46009486,85.87759255,01-02-2021 18:43,Unlawful Assembly,2
350,350,20.45840611,85.87720631,11-03-2021 20:58,Unlawful Assembly,3
351,351,20.45792361,85.87699173,23-04-2021 03:01,Extortion,5
352,352,20.45808444,85.8777213,26-02-2021 16:54,Robbery,1
353,353,20.45860715,85.87557553,04-03-2021 01:45,Unlawful Assembly,5
354,354,20.46017527,85.87767838,05-03-2021 17:47,Assault,3
355,355,20.45812465,85.87922333,20-03-2021 17:31,Grievous Hurt,4
356,356,20.46198463,85.8808112,14-01-2021 07:58,Robbery,2
357,357,20.45848653,85.88076829,11-03-2021 10:26,Assault,4
358,358,20.46049694,85.88231324,16-03-2021 07:32,Extortion,2
359,359,20.45655651,85.88222741,17-01-2021 01:13,Robbery,5
360,360,20.45740089,85.88008164,22-01-2021 12:50,Unlawful Assembly,6
361,361,20.45679776,85.88068245,15-01-2021 04:20,Extortion,5
362,362,20.45764215,85.88012456,11-04-2021 18:45,Robbery,1
363,363,20.45587295,85.88244198,25-03-2021 06:11,Assault,5
364,364,20.45949174,85.88205575,20-04-2021 22:59,Robbery,6
365,365,20.45631525,85.88119744,04-01-2021 01:50,Theft,1
366,366,20.45639567,85.88265656,12-04-2021 18:17,Grievous Hurt,3
367,367,20.45631525,85.88274239,16-04-2021 19:02,Robbery,5
368,368,20.45860715,85.88072537,14-02-2021 22:28,Criminal Breach of Trust,4
369,369,20.45635546,85.88299988,18-04-2021 15:39,Theft,4
370,370,20.45900924,85.88334321,04-03-2021 16:08,Criminal Breach of Trust,3
371,371,20.45860715,85.87999581,15-02-2021 18:30,Extortion,6
372,372,20.45679776,85.88016747,23-02-2021 18:05,Robbery,5
373,373,20.45643588,85.88085412,11-01-2021 05:30,Grievous Hurt,1
374,374,20.46206504,85.88111161,03-04-2021 23:14,Extortion,6
375,375,20.46230629,85.88029622,17-03-2021 07:55,Criminal Breach of Trust,5
376,376,20.46005465,85.88278531,10-02-2021 20:11,Unlawful Assembly,1
377,377,20.45840611,85.87965249,05-02-2021 21:39,Criminal Breach of Trust,1
378,378,20.45957883,85.88103064,13-02-2021 01:22,Grievous Hurt,2
379,379,20.48081358,85.86997577,27-02-2021 13:13,Robbery,1
380,380,20.46576079,85.86239245,17-02-2021 17:11,Extortion,4
381,381,20.45484529,85.87655125,16-02-2021 11:10,Robbery,1
382,382,20.46579171,85.85965311,22-02-2021 12:59,Assault,5
383,383,20.45947653,85.87578959,10-03-2021 23:31,Theft,6
384,384,20.45865812,85.88998409,10-04-2021 19:11,Robbery,1
385,385,20.44852995,85.89358731,18-01-2021 17:10,Criminal Breach of Trust,2
386,386,20.44934841,85.887036,13-02-2021 06:12,Robbery,1
387,387,20.45579365,85.87393338,01-04-2021 23:48,Criminal Breach of Trust,5
388,388,20.45855582,85.88430629,10-04-2021 20:38,Assault,2
389,389,20.46182943,85.88670844,12-01-2021 09:32,Extortion,3
390,390,20.45906732,85.87709985,08-03-2021 02:46,Theft,3
391,391,20.4577374,85.87655391,10-02-2021 03:41,Assault,6
392,392,20.45681668,85.87633553,12-04-2021 23:49,Criminal Breach of Trust,6
393,393,20.45650978,85.87906524,25-02-2021 14:33,Assault,6
394,394,20.46039723,85.88572574,13-02-2021 23:52,Theft,2
395,395,20.46408,85.88430629,23-02-2021 09:19,Unlawful Assembly,6
396,396,20.46653381,85.86407567,02-01-2021 15:41,Theft,3
397,397,20.45688621,85.87810244,04-01-2021 02:36,Theft,4
398,398,20.45704633,85.88147337,31-03-2021 08:23,Robbery,3
399,399,20.45833077,85.88464267,02-03-2021 01:57,Assault,2
400,400,20.45516798,85.88546816,31-01-2021 02:33,Unlawful Assembly,2
401,401,20.4572535,85.88642632,01-03-2021 02:26,Theft,3
402,402,20.45674248,85.88287376,04-01-2021 15:27,Extortion,1
403,403,20.46157933,85.88390014,15-03-2021 22:37,Assault,6
404,404,20.45882993,85.88448705,03-01-2021 06:45,Grievous Hurt,1
405,405,20.45746354,85.88557193,04-04-2021 10:16,Assault,2
406,406,20.46031294,85.87970289,27-04-2021 07:31,Unlawful Assembly,5
407,407,20.46307898,85.87979181,27-02-2021 16:08,Robbery,2
408,408,20.46089237,85.88268176,23-04-2021 21:33,Assault,2
409,409,20.45844632,85.88205575,05-01-2021 22:59,Unlawful Assembly,6
410,410,20.46451768,85.88235615,09-04-2021 08:43,Extortion,4
411,411,20.46073819,85.88252781,27-04-2021 21:06,Extortion,1
412,412,20.46343209,85.88149785,24-01-2021 01:25,Extortion,4
413,413,20.4623867,85.88042496,01-03-2021 03:27,Criminal Breach of Trust,3
414,414,20.45828548,85.88055371,14-03-2021 23:26,Extortion,4
415,415,20.46005465,85.88209866,04-02-2021 13:01,Assault,4
416,416,20.4583659,85.87973832,26-04-2021 10:56,Unlawful Assembly,4
417,417,20.45643588,85.88239907,18-04-2021 11:51,Extortion,3
418,418,20.46105985,85.88166951,08-03-2021 02:12,Robbery,4
419,419,20.45611421,85.87978123,04-01-2021 03:14,Grievous Hurt,3
420,420,20.45539044,85.88274239,01-01-2021 14:11,Criminal Breach of Trust,1
421,421,20.45559149,85.8774638,14-01-2021 23:32,Criminal Breach of Trust,2
422,422,20.4547873,85.88209866,18-04-2021 05:43,Extortion,5
423,423,20.4535408,85.88347195,07-03-2021 04:44,Criminal Breach of Trust,6
424,424,20.4539429,85.88085412,31-03-2021 13:36,Unlawful Assembly,3
425,425,20.47648117,85.88148243,23-03-2021 08:20,Criminal Breach of Trust,2
426,426,20.47598647,85.88092136,23-02-2021 08:48,Theft,6
427,427,20.47867639,85.87986523,09-02-2021 22:48,Robbery,2
428,428,20.470792,85.87342941,25-02-2021 20:53,Robbery,6
429,429,20.47508981,85.87267032,02-04-2021 23:25,Robbery,1
430,430,20.47601739,85.88164745,28-02-2021 09:24,Extortion,5
431,431,20.47338925,85.87187822,05-04-2021 16:11,Unlawful Assembly,6
432,432,20.47190511,85.88026128,22-04-2021 10:57,Theft,1
433,433,20.46013041,85.87808122,01-04-2021 22:28,Criminal Breach of Trust,5
434,434,20.45735775,85.87801546,11-02-2021 17:51,Criminal Breach of Trust,4
435,435,20.4584052,85.88695921,27-02-2021 11:04,Grievous Hurt,3
436,436,20.46000719,85.88672904,07-04-2021 20:40,Unlawful Assembly,4
437,437,20.45988396,85.88002123,03-02-2021 13:43,Theft,1
438,438,20.4560022,85.87785105,04-03-2021 21:20,Robbery,5
439,439,20.45480068,85.88554531,20-01-2021 07:57,Unlawful Assembly,5
440,440,20.45760421,85.87831139,08-01-2021 05:46,Extortion,5
441,441,20.46028445,85.88330937,02-03-2021 13:07,Unlawful Assembly,2
442,442,20.45634109,85.88008699,12-03-2021 15:50,Theft,3
443,443,20.45948346,85.87817987,06-02-2021 00:26,Criminal Breach of Trust,5
444,444,20.45871328,85.8829148,06-02-2021 12:56,Unlawful Assembly,5
445,445,20.45544766,85.88393412,26-01-2021 12:03,Assault,2
446,446,20.45745017,85.88469039,11-02-2021 04:04,Criminal Breach of Trust,4
447,447,20.45746945,85.88330946,13-02-2021 16:59,Grievous Hurt,4
448,448,20.45438521,85.88402985,04-04-2021 01:55,Unlawful Assembly,3
449,449,20.45768236,85.88514565,24-03-2021 11:47,Theft,4
450,450,20.45426458,85.88651894,25-04-2021 21:43,Criminal Breach of Trust,3
451,451,20.45458625,85.88111161,21-01-2021 01:44,Criminal Breach of Trust,5
452,452,20.45800402,85.87737797,12-01-2021 03:26,Assault,3
453,453,20.45968113,85.88692681,17-04-2021 00:22,Criminal Breach of Trust,5
454,454,20.46039723,85.88627168,23-02-2021 20:20,Robbery,3
455,455,20.46540986,85.88092145,20-04-2021 15:36,Assault,5
456,456,20.46080643,85.88911058,05-03-2021 15:21,Robbery,4
457,457,20.46336391,85.87775498,09-04-2021 09:42,Grievous Hurt,5
458,458,20.45947653,85.87578959,27-03-2021 03:48,Assault,6
459,459,20.4588828,85.88440111,08-03-2021 07:51,Theft,5
460,460,20.45735712,85.88678411,31-01-2021 13:56,Theft,4
461,461,20.45702222,85.88571176,31-03-2021 16:45,Extortion,2
462,462,20.46007357,85.88364649,17-02-2021 20:57,Unlawful Assembly,1
463,463,20.45944098,85.88519544,04-03-2021 21:59,Extortion,3
464,464,20.45860372,85.88316989,20-01-2021 05:11,Grievous Hurt,3
465,465,20.45689198,85.88318975,22-04-2021 20:28,Theft,5
466,466,20.45828742,85.88156136,24-04-2021 07:19,Assault,6
467,467,20.45689198,85.88158122,30-01-2021 23:53,Unlawful Assembly,2
468,468,20.45687337,85.88029043,12-04-2021 15:50,Assault,4
469,469,20.45730131,85.87913865,27-02-2021 12:02,Grievous Hurt,4
470,470,20.45906886,85.88507629,16-02-2021 17:09,Criminal Breach of Trust,3
471,471,20.45914328,85.88054859,16-04-2021 06:11,Grievous Hurt,6
472,472,20.45993403,85.87978123,08-01-2021 01:45,Assault,5
473,473,20.4539429,85.88643311,08-01-2021 22:08,Grievous Hurt,5
474,474,20.45699881,85.88051079,21-03-2021 03:54,Theft,2
475,475,20.45876799,85.88347195,06-01-2021 05:01,Grievous Hurt,5
476,476,20.46017527,85.881927,09-01-2021 07:20,Theft,2
477,477,20.45904945,85.88330029,19-03-2021 11:28,Unlawful Assembly,2
478,478,20.45663693,85.88381527,24-03-2021 16:00,Theft,4
479,479,20.45844632,85.88059662,22-01-2021 14:07,Assault,6
480,480,20.45973299,85.88372944,09-01-2021 10:18,Criminal Breach of Trust,5
481,481,20.4569586,85.88042496,15-04-2021 23:29,Extortion,5
482,482,20.45993403,85.88166951,07-02-2021 20:54,Grievous Hurt,4
483,483,20.45663693,85.88342904,30-01-2021 15:58,Unlawful Assembly,4
484,484,20.45728027,85.88038205,18-02-2021 11:59,Grievous Hurt,5
485,485,20.4556317,85.88046788,18-02-2021 12:50,Grievous Hurt,2
486,486,20.45559149,85.88458775,06-02-2021 05:01,Criminal Breach of Trust,5
487,487,20.45627504,85.92085122,06-03-2021 06:23,Unlawful Assembly,3
488,488,20.45495955,85.92248708,03-01-2021 04:05,Extortion,2
489,489,20.45535023,85.92179535,26-02-2021 03:57,Criminal Breach of Trust,4
490,490,20.45510898,85.91917752,04-04-2021 04:48,Robbery,2
491,491,20.45451866,85.92213851,25-02-2021 23:36,Theft,3
492,492,20.45620059,85.92337593,28-02-2021 00:23,Criminal Breach of Trust,3
493,493,20.45543311,85.92185965,17-04-2021 19:31,Assault,2
494,494,20.45595337,85.91853379,29-03-2021 23:39,Robbery,3
495,495,20.45543311,85.92234765,27-02-2021 13:02,Unlawful Assembly,3
496,496,20.45526981,85.92233022,25-03-2021 18:19,Extortion,4
497,497,20.45722934,85.92203394,14-04-2021 08:53,Robbery,6
498,498,20.45724567,85.92192937,10-01-2021 00:01,Assault,3
499,499,20.45660882,85.92252193,30-03-2021 10:49,Assault,6
500,500,20.45494323,85.92177251,20-02-2021 18:52,Criminal Breach of Trust,3
501,501,20.45580869,85.92192937,06-04-2021 11:26,Theft,1
502,502,20.45696807,85.92212108,14-02-2021 08:11,Extortion,6
503,503,20.45468195,85.92212108,09-03-2021 09:26,Criminal Breach of Trust,3
504,504,20.45566172,85.9220688,06-01-2021 10:28,Theft,6
505,505,20.45677212,85.92219079,16-04-2021 16:24,Extortion,4
506,506,20.45411042,85.92231279,24-03-2021 00:32,Grievous Hurt,4
507,507,20.45415941,85.92189451,24-04-2021 06:20,Unlawful Assembly,1
508,508,20.45389813,85.92224308,04-01-2021 17:00,Grievous Hurt,1
509,509,20.45657617,85.92074424,27-01-2021 20:51,Unlawful Assembly,3
510,510,20.45550194,85.92180842,29-01-2021 06:31,Extortion,6
511,511,20.45476733,85.92385793,11-03-2021 22:48,Extortion,1
512,512,20.45479311,85.92440814,09-03-2021 19:16,Robbery,2
513,513,20.45411005,85.92439438,07-04-2021 23:57,Unlawful Assembly,2
514,514,20.45404561,85.92348655,07-02-2021 17:00,Robbery,2
515,515,20.45401983,85.92405051,30-01-2021 06:33,Robbery,6
516,516,20.45412294,85.92439438,14-01-2021 02:34,Theft,1
517,517,20.45481888,85.92356908,01-03-2021 14:23,Criminal Breach of Trust,1
518,518,20.4557468,85.92345904,04-02-2021 14:36,Theft,3
519,519,20.45570973,85.92197522,19-04-2021 06:22,Extortion,5
520,520,20.45417449,85.92476577,27-02-2021 08:50,Assault,2
521,521,20.45427966,85.92180436,19-01-2021 06:34,Extortion,1
522,522,20.45576309,85.92167907,25-01-2021 01:25,Criminal Breach of Trust,3
523,523,20.45689198,85.88318975,06-03-2021 13:00,Criminal Breach of Trust,2
524,524,20.45828742,85.88156136,03-03-2021 07:07,Grievous Hurt,1
525,525,20.45689198,85.88158122,10-04-2021 16:52,Criminal Breach of Trust,3
526,526,20.45687337,85.88029043,16-04-2021 12:25,Grievous Hurt,6
527,527,20.45730131,85.87913865,21-02-2021 22:01,Extortion,3
528,528,20.45906886,85.88507629,17-03-2021 20:35,Assault,1
529,529,20.45914328,85.88054859,14-04-2021 06:11,Assault,4
530,530,20.45993403,85.87978123,23-01-2021 16:32,Criminal Breach of Trust,3
531,531,20.46990415,85.86641896,18-04-2021 04:06,Theft,2
532,532,20.46492592,85.86235945,14-01-2021 01:49,Extortion,5
533,533,20.4689147,85.86169937,04-03-2021 06:01,Grievous Hurt,3
534,534,20.46869825,85.86585789,02-01-2021 12:25,Extortion,6
535,535,20.46755419,85.86440571,03-03-2021 00:27,Grievous Hurt,3
536,536,20.46576079,85.86239245,05-02-2021 06:14,Theft,3
537,537,20.45484529,85.87655125,29-01-2021 14:56,Unlawful Assembly,4
538,538,20.46579171,85.85965311,05-03-2021 15:44,Unlawful Assembly,1
539,539,20.46653381,85.86407567,14-01-2021 19:06,Assault,3
540,540,20.45688621,85.87810244,16-03-2021 13:23,Unlawful Assembly,2
541,541,20.46461671,85.86057722,24-03-2021 10:32,Theft,3
542,542,20.45787573,85.87358087,02-03-2021 21:07,Criminal Breach of Trust,3
543,543,20.4572882,85.87688129,24-04-2021 08:47,Robbery,4
544,544,20.46322525,85.8643397,14-02-2021 14:59,Grievous Hurt,3
545,545,20.45735005,85.87493404,18-03-2021 04:32,Extortion,1
546,546,20.45642236,85.87863051,08-02-2021 13:27,Unlawful Assembly,4
547,547,20.45945277,85.87519807,16-04-2021 22:58,Theft,3
548,548,20.45997845,85.87886154,28-03-2021 05:54,Theft,3
549,549,20.45864879,85.87216169,20-02-2021 08:12,Robbery,1
550,550,20.4539429,85.88643311,27-01-2021 09:32,Robbery,2
551,551,20.45699881,85.88051079,23-02-2021 02:04,Extortion,1
552,552,20.45876799,85.88347195,01-01-2021 19:08,Unlawful Assembly,2
553,553,20.45531701,85.92035446,25-01-2021 08:36,Extortion,2
554,554,20.45414379,85.92121744,08-01-2021 18:45,Theft,2
555,555,20.45409623,85.92367102,27-04-2021 19:07,Assault,6
556,556,20.4543499,85.92189429,25-03-2021 05:56,Unlawful Assembly,6
557,557,20.45396939,85.92304494,07-04-2021 11:01,Theft,4
558,558,20.45477706,85.92379315,10-02-2021 15:55,Robbery,2
559,559,20.45352445,85.92200697,01-02-2021 10:40,Grievous Hurt,5
560,560,20.45544443,85.9239137,14-04-2021 10:38,Unlawful Assembly,2
561,561,20.45468284,85.92512625,24-01-2021 04:29,Robbery,4
562,562,20.45533149,85.92203984,24-01-2021 14:46,Grievous Hurt,3
563,563,20.45439746,85.92390792,01-04-2021 22:57,Assault,1
564,564,20.45449259,85.921742,13-04-2021 06:50,Assault,4
565,565,20.45633168,85.92069289,10-03-2021 19:46,Theft,5
566,566,20.45750488,85.92272343,07-02-2021 08:34,Robbery,4
567,567,20.45455601,85.92553236,08-02-2021 23:34,Theft,2
568,568,20.47259318,85.8568072,27-02-2021 13:05,Assault,2
569,569,20.46868669,85.85905757,14-04-2021 19:51,Extortion,4
570,570,20.46017527,85.881927,17-03-2021 16:36,Grievous Hurt,5
571,571,20.45904945,85.88330029,30-03-2021 02:47,Assault,4
572,572,20.45663693,85.88381527,22-03-2021 14:35,Assault,4
573,573,20.45844632,85.88059662,24-02-2021 09:09,Criminal Breach of Trust,1
574,574,20.45973299,85.88372944,18-02-2021 05:38,Assault,1
575,575,20.4569586,85.88042496,14-03-2021 12:58,Theft,4
576,576,20.45993403,85.88166951,22-02-2021 12:19,Criminal Breach of Trust,2
577,577,20.45663693,85.88342904,23-01-2021 11:06,Theft,3
578,578,20.45728027,85.88038205,19-02-2021 17:31,Criminal Breach of Trust,4
579,579,20.4556317,85.88046788,22-02-2021 18:10,Criminal Breach of Trust,4
580,580,20.45559149,85.88458775,10-02-2021 13:04,Theft,1
581,581,20.45627504,85.92085122,01-01-2021 01:55,Grievous Hurt,1
582,582,20.45495955,85.92248708,20-04-2021 22:30,Theft,6
583,583,20.45535023,85.92179535,30-03-2021 15:46,Grievous Hurt,1
584,584,20.45668669,85.88175175,21-03-2021 11:36,Robbery,1
585,585,20.4549193,85.88157569,21-04-2021 12:16,Unlawful Assembly,5
586,586,20.45621539,85.8817266,21-04-2021 11:20,Criminal Breach of Trust,3
587,587,20.4597501,85.88067025,27-04-2021 23:07,Grievous Hurt,1
588,588,20.45744076,85.88087146,25-03-2021 14:43,Extortion,1
589,589,20.45805345,85.88215417,17-03-2021 18:57,Theft,6
590,590,20.45866613,85.88180205,20-03-2021 20:25,Unlawful Assembly,1
591,591,20.45645104,85.88016723,31-03-2021 23:26,Criminal Breach of Trust,3
592,592,20.45853587,85.88269323,26-04-2021 15:32,Unlawful Assembly,2
593,593,20.45795172,85.88209875,19-02-2021 10:00,Theft,1
594,594,20.45795851,85.8837662,25-04-2021 18:28,Criminal Breach of Trust,5
595,595,20.45756454,85.88396194,26-04-2021 21:57,Unlawful Assembly,3
596,596,20.47787251,85.8757067,22-02-2021 12:44,Grievous Hurt,3
597,597,20.47926384,85.87234028,27-03-2021 10:39,Grievous Hurt,6
598,598,20.47737781,85.87768695,02-03-2021 03:04,Criminal Breach of Trust,5
599,599,20.47750149,85.87606975,08-03-2021 23:04,Robbery,4
600,600,20.47558452,85.87187822,14-02-2021 03:50,Criminal Breach of Trust,3
601,601,20.47935659,85.87201024,17-03-2021 12:29,Assault,1
602,602,20.47880006,85.87082208,31-03-2021 02:29,Unlawful Assembly,3
603,603,20.47948027,85.86626751,14-03-2021 08:22,Robbery,4
604,604,20.47648117,85.88148243,13-01-2021 02:30,Extortion,4
605,605,20.4588828,85.88440111,20-01-2021 06:03,Theft,6
606,606,20.45735712,85.88678411,13-03-2021 20:30,Extortion,6
607,607,20.45702222,85.88571176,21-04-2021 04:40,Grievous Hurt,1
608,608,20.46007357,85.88364649,02-02-2021 21:18,Extortion,5
609,609,20.45944098,85.88519544,22-04-2021 01:56,Extortion,3
610,610,20.45510898,85.91917752,23-04-2021 21:31,Criminal Breach of Trust,4
611,611,20.45451866,85.92213851,12-02-2021 09:59,Theft,4
612,612,20.45547494,85.92259029,22-02-2021 22:41,Robbery,4
613,613,20.45520814,85.92136014,06-04-2021 05:56,Criminal Breach of Trust,6
614,614,20.45416227,85.92178158,25-02-2021 01:04,Extortion,3
615,615,20.45553897,85.92121206,07-03-2021 22:05,Grievous Hurt,4
616,616,20.45579113,85.92256333,14-01-2021 03:38,Criminal Breach of Trust,3
617,617,20.45537192,85.92203653,26-04-2021 21:31,Theft,5
618,618,20.4563388,85.92209426,17-03-2021 21:01,Grievous Hurt,1
619,619,20.45508118,85.92225302,26-04-2021 18:55,Criminal Breach of Trust,5
620,620,20.45585198,85.92156746,09-01-2021 07:45,Assault,3
621,621,20.45543954,85.92252724,20-02-2021 08:36,Criminal Breach of Trust,5
622,622,20.45503385,85.92231075,11-04-2021 09:33,Extortion,1
623,623,20.45513805,85.92184982,06-01-2021 15:11,Grievous Hurt,3
624,624,20.45454695,85.9224102,29-01-2021 04:49,Grievous Hurt,2
625,625,20.45348445,85.92314609,14-01-2021 09:39,Robbery,5
626,626,20.46173273,85.88321435,09-03-2021 21:31,Robbery,1
627,627,20.46227177,85.88159292,23-02-2021 16:17,Theft,5
628,628,20.46041788,85.88208893,14-01-2021 23:44,Criminal Breach of Trust,5
629,629,20.48470431,85.86350677,12-04-2021 22:25,Unlawful Assembly,1
630,630,20.48422189,85.86457966,09-03-2021 01:17,Theft,6
631,631,20.48341785,85.87052343,13-03-2021 13:36,Assault,4
632,632,20.48122683,85.87000845,31-01-2021 04:42,Robbery,2
633,633,20.48134931,85.86355799,04-02-2021 09:06,Robbery,4
634,634,20.48233239,85.8679056,20-04-2021 11:48,Assault,3
635,635,20.48028228,85.86526653,12-01-2021 17:27,Theft,1
636,636,20.48118259,85.86309526,21-02-2021 16:39,Theft,3
637,637,20.48223189,85.87067364,03-01-2021 23:26,Grievous Hurt,4
638,638,20.48441698,85.86377156,19-03-2021 15:39,Unlawful Assembly,4
639,639,20.48511721,85.86103077,01-02-2021 21:23,Grievous Hurt,5
640,640,20.46931393,85.87592446,22-03-2021 13:25,Grievous Hurt,5
641,641,20.47954869,85.86476821,16-04-2021 19:01,Grievous Hurt,2
642,642,20.46819188,85.87599779,15-01-2021 11:43,Theft,6
643,643,20.4639555,85.87582669,16-04-2021 10:58,Extortion,1
644,644,20.46425086,85.87468429,03-01-2021 15:10,Grievous Hurt,6
645,645,20.47961538,85.8648038,15-04-2021 12:30,Unlawful Assembly,2
646,646,20.45495955,85.92248708,22-01-2021 16:17,Grievous Hurt,1
647,647,20.45535023,85.92179535,27-04-2021 18:30,Criminal Breach of Trust,1
648,648,20.45510898,85.91917752,14-03-2021 20:52,Extortion,6
649,649,20.45451866,85.92213851,04-01-2021 12:33,Grievous Hurt,6
650,650,20.45547494,85.92259029,25-01-2021 04:44,Assault,1
651,651,20.45520814,85.92136014,20-04-2021 00:44,Grievous Hurt,5
652,652,20.45416227,85.92178158,03-01-2021 14:05,Robbery,3
653,653,20.45553897,85.92121206,18-01-2021 06:01,Criminal Breach of Trust,5
654,654,20.45579113,85.92256333,16-04-2021 08:40,Unlawful Assembly,2
655,655,20.45537192,85.92203653,15-04-2021 00:24,Criminal Breach of Trust,1
656,656,20.4563388,85.92209426,23-04-2021 00:27,Grievous Hurt,2
657,657,20.45508118,85.92225302,09-02-2021 12:04,Grievous Hurt,5
658,658,20.45585198,85.92156746,27-03-2021 01:18,Grievous Hurt,6
659,659,20.45543954,85.92252724,25-04-2021 23:44,Robbery,1
660,660,20.45503385,85.92231075,21-03-2021 17:07,Unlawful Assembly,1
661,661,20.45513805,85.92184982,17-03-2021 15:58,Assault,6
662,662,20.45454695,85.9224102,24-04-2021 18:47,Extortion,3
663,663,20.45348445,85.92314609,29-01-2021 08:16,Grievous Hurt,4
664,664,20.46173273,85.88321435,06-03-2021 05:42,Criminal Breach of Trust,5
665,665,20.46227177,85.88159292,24-03-2021 16:26,Extortion,6
666,666,20.46041788,85.88208893,13-04-2021 20:39,Assault,5
667,667,20.48470431,85.86350677,23-03-2021 22:04,Assault,5
668,668,20.48422189,85.86457966,24-02-2021 09:11,Theft,6
669,669,20.48341785,85.87052343,18-02-2021 13:36,Unlawful Assembly,2
670,670,20.46547617,85.87425672,22-03-2021 07:14,Criminal Breach of Trust,3
671,671,20.48116653,85.8649659,21-04-2021 17:49,Robbery,2
672,672,20.46385027,85.87662093,12-01-2021 16:02,Robbery,4
673,673,20.46516985,85.87647002,25-01-2021 09:12,Criminal Breach of Trust,4
674,674,20.46512272,85.88114812,31-03-2021 00:36,Robbery,3
675,675,20.46170595,85.87996602,25-04-2021 09:34,Robbery,5
676,676,20.46135248,85.88039359,10-04-2021 07:27,Robbery,2
677,677,20.46912849,85.87581609,14-02-2021 22:58,Criminal Breach of Trust,5
678,678,20.46658366,85.87981511,21-03-2021 11:49,Assault,6
679,679,20.4697647,85.88502139,23-03-2021 14:19,Grievous Hurt,2
680,680,20.46149387,85.87807969,04-03-2021 07:09,Unlawful Assembly,6
681,681,20.46750263,85.88152539,08-04-2021 10:04,Extortion,4
682,682,20.46828022,85.88034329,16-04-2021 18:53,Theft,4
683,683,20.46512272,85.88227992,06-04-2021 15:10,Theft,3
684,684,20.46078694,85.88313506,30-01-2021 22:27,Criminal Breach of Trust,5
685,685,20.45800632,85.8806451,05-01-2021 17:41,Robbery,5
686,686,20.45668669,85.88175175,28-02-2021 12:33,Robbery,6
687,687,20.4549193,85.88157569,14-02-2021 09:09,Extortion,6
688,688,20.45621539,85.8817266,04-04-2021 16:14,Extortion,3
689,689,20.4597501,85.88067025,26-03-2021 18:22,Theft,5
690,690,20.45744076,85.88087146,08-01-2021 00:26,Unlawful Assembly,1
691,691,20.45805345,85.88215417,01-01-2021 12:23,Assault,3
692,692,20.45866613,85.88180205,20-04-2021 12:04,Unlawful Assembly,4
693,693,20.45645104,85.88016723,24-02-2021 21:26,Robbery,4
694,694,20.45853587,85.88269323,11-04-2021 06:30,Theft,2
695,695,20.45795172,85.88209875,17-04-2021 19:02,Assault,6
696,696,20.45795851,85.8837662,03-01-2021 07:54,Criminal Breach of Trust,3
697,697,20.45756454,85.88396194,25-02-2021 10:19,Robbery,4
698,698,20.47787251,85.8757067,20-02-2021 14:06,Criminal Breach of Trust,1
699,699,20.47926384,85.87234028,18-04-2021 23:58,Extortion,3
700,700,20.47737781,85.87768695,15-01-2021 10:29,Assault,6
701,701,20.47750149,85.87606975,04-02-2021 18:27,Robbery,2
702,702,20.47558452,85.87187822,01-02-2021 17:08,Assault,2
703,703,20.47935659,85.87201024,03-02-2021 12:20,Grievous Hurt,6
704,704,20.47880006,85.87082208,20-04-2021 13:07,Extortion,6
705,705,20.47948027,85.86626751,20-03-2021 08:38,Grievous Hurt,4
706,706,20.47648117,85.88148243,02-02-2021 07:38,Grievous Hurt,5
707,707,20.4588828,85.88440111,23-02-2021 08:29,Robbery,1
708,708,20.45735712,85.88678411,26-04-2021 14:54,Grievous Hurt,2
709,709,20.45702222,85.88571176,03-03-2021 16:32,Robbery,3
710,710,20.46007357,85.88364649,08-01-2021 00:31,Criminal Breach of Trust,1
711,711,20.45944098,85.88519544,08-03-2021 10:37,Unlawful Assembly,6
712,712,20.45860372,85.88316989,17-03-2021 01:10,Theft,3
713,713,20.45689198,85.88318975,29-03-2021 18:13,Criminal Breach of Trust,3
714,714,20.45828742,85.88156136,01-02-2021 05:33,Grievous Hurt,6
715,715,20.45689198,85.88158122,06-03-2021 16:46,Extortion,3
716,716,20.45687337,85.88029043,19-02-2021 04:04,Theft,3
717,717,20.45730131,85.87913865,22-03-2021 13:30,Criminal Breach of Trust,2
718,718,20.45906886,85.88507629,02-02-2021 04:06,Grievous Hurt,3
719,719,20.45914328,85.88054859,21-02-2021 16:19,Criminal Breach of Trust,1
720,720,20.45993403,85.87978123,19-01-2021 12:50,Criminal Breach of Trust,4
721,721,20.4539429,85.88643311,10-01-2021 01:36,Theft,4
722,722,20.45699881,85.88051079,11-03-2021 04:10,Assault,4
723,723,20.45876799,85.88347195,08-03-2021 22:06,Extortion,3
724,724,20.46017527,85.881927,23-01-2021 05:17,Grievous Hurt,5
725,725,20.45904945,85.88330029,01-02-2021 04:46,Assault,6
726,726,20.45663693,85.88381527,20-02-2021 17:47,Theft,3
727,727,20.45844632,85.88059662,21-01-2021 22:15,Extortion,5
728,728,20.47598647,85.88092136,02-04-2021 05:55,Robbery,1
729,729,20.47867639,85.87986523,12-02-2021 05:26,Extortion,3
730,730,20.470792,85.87342941,27-01-2021 15:50,Robbery,4
731,731,20.47508981,85.87267032,23-02-2021 04:12,Extortion,3
732,732,20.47601739,85.88164745,23-02-2021 19:26,Theft,4
733,733,20.47338925,85.87187822,24-03-2021 10:17,Robbery,6
734,734,20.47190511,85.88026128,08-01-2021 09:59,Grievous Hurt,3
735,735,20.46013041,85.87808122,29-03-2021 14:08,Extortion,4
736,736,20.45735775,85.87801546,13-02-2021 10:37,Assault,3
737,737,20.4584052,85.88695921,26-04-2021 15:14,Assault,4
738,738,20.46000719,85.88672904,04-02-2021 20:23,Unlawful Assembly,6
739,739,20.45988396,85.88002123,25-01-2021 05:29,Grievous Hurt,1
740,740,20.4560022,85.87785105,31-03-2021 19:51,Robbery,1
741,741,20.45480068,85.88554531,05-02-2021 10:44,Assault,4
742,742,20.45760421,85.87831139,14-03-2021 02:40,Assault,4
743,743,20.46028445,85.88330937,23-02-2021 09:50,Extortion,4
744,744,20.45634109,85.88008699,27-01-2021 08:42,Unlawful Assembly,2
745,745,20.45948346,85.87817987,19-04-2021 15:41,Unlawful Assembly,1
746,746,20.45871328,85.8829148,27-01-2021 18:33,Robbery,2
747,747,20.45544766,85.88393412,13-04-2021 05:48,Unlawful Assembly,5
748,748,20.45745017,85.88469039,13-04-2021 20:32,Theft,2
749,749,20.45746945,85.88330946,07-02-2021 23:23,Assault,5
750,750,20.45708227,85.8839402,10-03-2021 05:34,Criminal Breach of Trust,4
751,751,20.45746265,85.88348346,24-04-2021 20:43,Criminal Breach of Trust,3
752,752,20.45695001,85.88248353,25-01-2021 04:04,Criminal Breach of Trust,6
753,753,20.45615532,85.88200988,12-01-2021 23:27,Unlawful Assembly,5
754,754,20.45375414,85.88187848,10-03-2021 15:22,Assault,1
755,755,20.45486738,85.88425478,18-03-2021 21:31,Extortion,2
756,756,20.45480553,85.88524491,28-03-2021 20:44,Grievous Hurt,4
757,757,20.45715568,85.88521191,05-03-2021 07:34,Criminal Breach of Trust,2
758,758,20.46024792,85.88706014,03-03-2021 02:32,Extortion,3
759,759,20.46102097,85.89115266,19-03-2021 08:49,Unlawful Assembly,1
760,760,20.46621577,85.8994037,05-04-2021 18:11,Assault,2
761,761,20.46825654,85.8946511,02-04-2021 12:24,Grievous Hurt,5
762,762,20.45968113,85.88692681,11-03-2021 06:17,Robbery,4
763,763,20.46039723,85.88627168,25-03-2021 04:26,Extortion,2
764,764,20.46540986,85.88092145,25-02-2021 17:52,Grievous Hurt,2
765,765,20.46080643,85.88911058,10-04-2021 18:12,Robbery,1
766,766,20.46336391,85.87775498,06-01-2021 00:26,Grievous Hurt,3
767,767,20.45947653,85.87578959,21-02-2021 21:19,Robbery,1
768,768,20.45865812,85.88998409,15-03-2021 10:48,Extortion,4
769,769,20.44852995,85.89358731,03-01-2021 18:02,Unlawful Assembly,4
770,770,20.44934841,85.887036,11-01-2021 14:58,Extortion,5
771,771,20.45579365,85.87393338,25-01-2021 19:41,Extortion,4
772,772,20.45855582,85.88430629,13-02-2021 20:45,Robbery,5
773,773,20.46182943,85.88670844,15-02-2021 22:17,Robbery,4
774,774,20.45906732,85.87709985,06-03-2021 20:31,Theft,2
775,775,20.4577374,85.87655391,30-03-2021 17:13,Extortion,2
776,776,20.46318549,85.89319892,12-03-2021 17:45,Grievous Hurt,6
777,777,20.45706291,85.89006352,14-01-2021 21:52,Assault,4
778,778,20.46862758,85.89409003,04-03-2021 14:07,Extortion,1
779,779,20.46213416,85.8875552,23-02-2021 13:35,Criminal Breach of Trust,2
780,780,20.46371116,85.88920541,22-02-2021 11:26,Extortion,3
781,781,20.46776181,85.89554221,07-02-2021 03:39,Unlawful Assembly,2
782,782,20.46856574,85.89583925,11-04-2021 04:37,Criminal Breach of Trust,4
783,783,20.46565919,85.88864434,12-04-2021 02:01,Robbery,6
784,784,20.4652263,85.89706041,18-03-2021 11:41,Theft,4
785,785,20.46194863,85.89243982,25-03-2021 22:47,Theft,5
786,786,20.47066832,85.90313317,29-01-2021 12:39,Extortion,5
787,787,20.47023544,85.89874362,22-03-2021 21:54,Unlawful Assembly,6
788,788,20.46436051,85.89973374,15-02-2021 16:57,Grievous Hurt,5
789,789,20.46528814,85.88709314,18-03-2021 12:37,Theft,6
790,790,20.46794733,85.89352896,15-04-2021 06:20,Assault,3
791,791,20.46569012,85.89501415,07-01-2021 01:08,Grievous Hurt,2
792,792,20.470019,85.89811654,01-02-2021 06:50,Extortion,6
793,793,20.46188678,85.91191228,28-01-2021 17:25,Unlawful Assembly,4
794,794,20.4596604,85.90286914,04-04-2021 08:45,Theft,2
795,795,20.46027884,85.90775376,23-04-2021 06:43,Grievous Hurt,4
796,796,20.45891826,85.90937096,18-03-2021 14:03,Robbery,2
797,797,20.45879457,85.90709368,07-03-2021 03:37,Assault,1
798,798,20.46340194,85.90831483,12-02-2021 04:19,Robbery,5
799,799,20.45684645,85.909668,15-04-2021 15:39,Grievous Hurt,4
800,800,20.45799059,85.9033312,12-02-2021 03:49,Robbery,4
801,801,20.45768136,85.90352922,25-03-2021 03:36,Theft,1
802,802,20.46327826,85.91052611,27-03-2021 05:51,Criminal Breach of Trust,3
803,803,20.46071175,85.91039409,11-03-2021 08:56,Grievous Hurt,4
804,804,20.45706291,85.91039409,24-02-2021 03:45,Theft,6
805,805,20.47638841,85.89026154,21-03-2021 18:04,Unlawful Assembly,1
806,806,20.47397672,85.88217552,20-03-2021 02:12,Assault,5
807,807,20.47672852,85.88069033,20-01-2021 10:31,Robbery,4
808,808,20.47171959,85.88194449,17-04-2021 05:26,Robbery,1
809,809,20.47434775,85.88814928,26-02-2021 01:33,Unlawful Assembly,3
810,810,20.47771792,85.87818202,26-01-2021 13:06,Criminal Breach of Trust,2
811,811,20.4802223,85.89102064,10-01-2021 19:23,Grievous Hurt,3
812,812,20.47830537,85.89049257,01-01-2021 14:00,Grievous Hurt,6
813,813,20.47178143,85.88326466,13-04-2021 10:49,Assault,3
814,814,20.4755536,85.89078961,12-03-2021 21:12,Robbery,6
815,815,20.47277086,85.88930442,17-03-2021 16:45,Extortion,1
816,816,20.47295638,85.88448581,05-02-2021 13:57,Criminal Breach of Trust,6
817,817,20.47787251,85.8757067,26-01-2021 22:31,Grievous Hurt,3
818,818,20.47926384,85.87234028,27-04-2021 05:33,Unlawful Assembly,2
819,819,20.47737781,85.87768695,22-02-2021 18:53,Extortion,4
820,820,20.47750149,85.87606975,01-03-2021 02:01,Theft,1
821,821,20.47558452,85.87187822,17-02-2021 04:58,Unlawful Assembly,1
822,822,20.47935659,85.87201024,25-02-2021 17:43,Criminal Breach of Trust,6
823,823,20.47880006,85.87082208,22-04-2021 18:57,Theft,2
824,824,20.47948027,85.86626751,04-04-2021 15:40,Criminal Breach of Trust,2
825,825,20.47648117,85.88148243,01-01-2021 14:20,Assault,5
826,826,20.47598647,85.88092136,19-04-2021 14:25,Criminal Breach of Trust,3
827,827,20.47867639,85.87986523,17-04-2021 15:17,Criminal Breach of Trust,5
828,828,20.470792,85.87342941,04-04-2021 16:49,Extortion,5
829,829,20.47508981,85.87267032,18-01-2021 06:03,Assault,5
830,830,20.47601739,85.88164745,26-04-2021 03:38,Grievous Hurt,3
831,831,20.47338925,85.87187822,20-01-2021 21:53,Criminal Breach of Trust,4
832,832,20.47190511,85.88026128,12-02-2021 14:39,Grievous Hurt,4
833,833,20.46013041,85.87808122,20-01-2021 12:45,Unlawful Assembly,1
834,834,20.45735775,85.87801546,23-01-2021 03:35,Grievous Hurt,2
835,835,20.4584052,85.88695921,15-03-2021 21:48,Unlawful Assembly,6
836,836,20.46000719,85.88672904,13-04-2021 08:33,Robbery,2
837,837,20.45988396,85.88002123,03-02-2021 04:47,Robbery,2
838,838,20.4560022,85.87785105,18-03-2021 17:57,Assault,2
839,839,20.45480068,85.88554531,12-02-2021 13:14,Theft,1
840,840,20.45760421,85.87831139,22-02-2021 05:24,Extortion,4
841,841,20.46028445,85.88330937,19-03-2021 08:33,Unlawful Assembly,6
842,842,20.45634109,85.88008699,17-02-2021 03:59,Theft,5
843,843,20.45948346,85.87817987,15-01-2021 08:50,Theft,6
844,844,20.45871328,85.8829148,16-02-2021 07:44,Assault,5
845,845,20.45544766,85.88393412,24-04-2021 03:47,Unlawful Assembly,3
846,846,20.45745017,85.88469039,19-02-2021 07:29,Assault,6
847,847,20.45748098,85.87732495,21-03-2021 22:09,Theft,1
848,848,20.48404884,85.86933458,15-03-2021 14:38,Robbery,4
849,849,20.47420535,85.88301738,06-04-2021 06:29,Grievous Hurt,2
850,850,20.48059186,85.862036,12-04-2021 14:04,Robbery,2
851,851,20.47587951,85.85647627,23-02-2021 21:54,Unlawful Assembly,4
852,852,20.48828012,85.85899138,23-02-2021 11:46,Criminal Breach of Trust,6
853,853,20.48735011,85.86018275,18-02-2021 06:36,Criminal Breach of Trust,3
854,854,20.48598608,85.85826332,19-02-2021 10:02,Robbery,4
855,855,20.48524206,85.85687339,17-04-2021 22:23,Theft,2
856,856,20.48790811,85.85488777,12-04-2021 22:18,Robbery,3
857,857,20.48474605,85.85965326,12-02-2021 15:55,Unlawful Assembly,2
858,858,20.48130443,85.86253804,04-03-2021 06:21,Robbery,2
859,859,20.48053148,85.85699333,26-03-2021 03:56,Robbery,2
860,860,20.47982037,85.85725737,24-03-2021 15:29,Robbery,5
861,861,20.48594204,85.86405623,02-03-2021 20:08,Criminal Breach of Trust,2
862,862,20.47845996,85.86471631,25-02-2021 19:20,Robbery,4
863,863,20.48145902,85.86006272,06-01-2021 04:49,Theft,4
864,864,20.47660484,85.85613523,20-04-2021 05:25,Grievous Hurt,4
865,865,20.47883098,85.86451829,08-03-2021 19:02,Criminal Breach of Trust,1
866,866,20.48025322,85.85349489,15-01-2021 12:46,Unlawful Assembly,6
867,867,20.48303582,85.85851153,22-01-2021 17:27,Extortion,3
868,868,20.47357477,85.86214199,18-04-2021 13:46,Assault,4
869,869,20.48173728,85.86323112,13-02-2021 01:10,Theft,1
870,870,20.47444051,85.86517837,04-03-2021 07:23,Grievous Hurt,3
871,871,20.47929476,85.85930363,06-01-2021 19:14,Assault,2
872,872,20.4785218,85.86531039,14-02-2021 08:35,Assault,4
873,873,20.47150316,85.86059079,26-01-2021 09:33,Robbery,1
874,874,20.47750149,85.86484833,14-04-2021 18:14,Grievous Hurt,3
875,875,20.47700679,85.85897359,17-01-2021 09:42,Robbery,2
876,876,20.47416224,85.8551451,24-02-2021 20:05,Criminal Breach of Trust,4
877,877,20.47833629,85.86481532,19-01-2021 04:39,Criminal Breach of Trust,4
878,878,20.47447143,85.85455103,12-04-2021 03:47,Extortion,4
879,879,20.48062424,85.86425425,20-03-2021 04:15,Assault,4
880,880,20.47623382,85.86649854,29-03-2021 22:30,Grievous Hurt,4
881,881,20.47137948,85.86686158,19-02-2021 16:22,Criminal Breach of Trust,1
882,882,20.48414885,85.83633272,11-01-2021 16:48,Assault,4
883,883,20.48448894,85.83451749,29-03-2021 07:36,Unlawful Assembly,5
884,884,20.48291215,85.83260325,24-02-2021 15:50,Unlawful Assembly,4
885,885,20.48473628,85.83055699,09-03-2021 13:58,Grievous Hurt,6
886,886,20.48031506,85.8337914,04-02-2021 09:37,Theft,5
887,887,20.48860087,85.84293355,13-03-2021 00:13,Robbery,5
888,888,20.48136627,85.84379166,18-02-2021 09:57,Grievous Hurt,4
889,889,20.48754971,85.84230648,01-03-2021 12:47,Robbery,1
890,890,20.48915737,85.8440887,12-03-2021 23:41,Extortion,4
891,891,20.48421068,85.84323059,23-04-2021 08:31,Grievous Hurt,4
892,892,20.48618938,85.82999592,02-01-2021 19:13,Extortion,2
893,893,20.4819537,85.83966614,22-02-2021 22:27,Theft,4
894,894,20.48618938,85.84930336,19-01-2021 07:12,Grievous Hurt,4
895,895,20.48498361,85.84758714,06-02-2021 17:09,Criminal Breach of Trust,2
896,896,20.48136627,85.84999645,11-01-2021 22:24,Theft,3
897,897,20.47632657,85.83973215,20-04-2021 16:04,Extortion,3
898,898,20.48198462,85.85006246,07-04-2021 21:39,Criminal Breach of Trust,4
899,899,20.47731597,85.85009546,03-04-2021 07:03,Robbery,6
900,900,20.47975853,85.85082155,18-04-2021 19:51,Assault,6
901,901,20.47703771,85.84606895,30-01-2021 04:32,Criminal Breach of Trust,3
902,902,20.4747497,85.85534313,27-01-2021 08:16,Robbery,4
903,903,20.48754971,85.85603621,05-03-2021 05:32,Theft,3
904,904,20.47573911,85.85174567,10-02-2021 05:31,Theft,5
905,905,20.48581837,85.84606895,21-04-2021 23:10,Robbery,1
906,906,20.48467444,85.84993044,16-02-2021 23:27,Theft,3
907,907,20.4835305,85.81903853,07-04-2021 03:48,Criminal Breach of Trust,2
908,908,20.48473628,85.82874176,08-01-2021 22:21,Extortion,1
909,909,20.48034597,85.82481426,19-03-2021 11:31,Extortion,2
910,910,20.4877043,85.82811468,25-03-2021 02:38,Grievous Hurt,1
911,911,20.48390151,85.82953386,05-01-2021 14:17,Robbery,6
912,912,20.4785218,85.82491327,17-02-2021 01:08,Extortion,6
913,913,20.48275756,85.8251113,03-04-2021 23:26,Robbery,1
914,914,20.48235563,85.84494681,29-03-2021 07:40,Criminal Breach of Trust,3
915,915,20.47808894,85.84554088,23-03-2021 06:26,Theft,5
916,916,20.47737781,85.8448808,09-04-2021 20:55,Criminal Breach of Trust,6
917,917,20.47722322,85.84501282,22-04-2021 10:46,Robbery,2
918,918,20.4659684,85.85725737,21-01-2021 05:02,Grievous Hurt,1
919,919,20.46711247,85.85560716,13-03-2021 02:24,Theft,1
920,920,20.46126835,85.86237301,18-04-2021 07:01,Extortion,2
921,921,20.46751444,85.85804947,15-01-2021 15:32,Theft,6
922,922,20.46432958,85.85646527,19-02-2021 11:31,Unlawful Assembly,4
923,923,20.46667958,85.85016147,28-02-2021 06:29,Criminal Breach of Trust,3
924,924,20.46804009,85.85204271,16-01-2021 14:29,Unlawful Assembly,4
925,925,20.46587564,85.86389121,19-04-2021 20:00,Unlawful Assembly,1
926,926,20.45981501,85.86831377,10-04-2021 14:52,Assault,3
927,927,20.46009331,85.87270332,11-04-2021 07:39,Theft,6
928,928,20.46278351,85.88092136,29-03-2021 15:08,Assault,2
929,929,20.4614848,85.8820105,02-02-2021 18:21,Unlawful Assembly,6
930,930,20.46086636,85.86953492,19-02-2021 06:08,Extortion,6
931,931,20.4553003,85.87923815,01-01-2021 01:23,Robbery,2
932,932,20.48799137,85.83701224,06-04-2021 18:51,Extortion,2
933,933,20.48511611,85.83925653,12-01-2021 04:29,Grievous Hurt,6
934,934,20.48780587,85.83489997,21-01-2021 11:19,Grievous Hurt,3
935,935,20.48919711,85.83552705,27-03-2021 03:17,Grievous Hurt,6
936,936,20.48554895,85.82803511,06-04-2021 00:26,Theft,1
937,937,20.48604362,85.83542804,08-04-2021 00:05,Assault,5
938,938,20.48956811,85.83532903,24-03-2021 09:53,Extortion,6
939,939,20.49003185,85.83945455,22-04-2021 16:17,Theft,2
940,940,20.49154673,85.83968558,23-02-2021 09:43,Criminal Breach of Trust,4
941,941,20.4860127,85.84001562,08-04-2021 17:17,Assault,2
942,942,20.48440502,85.84008163,05-02-2021 21:20,Grievous Hurt,3
943,943,20.49129941,85.83803537,09-02-2021 16:48,Theft,2
944,944,20.48551803,85.84146781,19-01-2021 10:48,Theft,2
945,945,20.47846879,85.84384411,08-01-2021 17:34,Assault,4
946,946,20.4838485,85.84173184,24-02-2021 10:13,Robbery,2
947,947,20.47955093,85.84067571,11-02-2021 22:54,Grievous Hurt,4
948,948,20.47856155,85.84499925,14-01-2021 17:52,Extortion,6
949,949,20.47256326,85.85041194,10-03-2021 06:41,Assault,6
950,950,20.46993507,85.84077472,06-04-2021 06:06,Robbery,2
951,951,20.48397217,85.84179785,21-03-2021 23:49,Grievous Hurt,3
952,952,20.47095543,85.84532929,27-03-2021 03:11,Robbery,3
953,953,20.47806685,85.85018091,16-04-2021 16:09,Criminal Breach of Trust,3
954,954,20.47553151,85.84714452,09-02-2021 00:11,Grievous Hurt,3
955,955,20.47658275,85.85209515,24-01-2021 16:30,Unlawful Assembly,1
956,956,20.47330533,85.85239219,10-03-2021 20:53,Assault,2
957,957,20.47367636,85.84859671,23-01-2021 23:42,Grievous Hurt,5
958,958,20.47540784,85.85094,10-04-2021 13:51,Unlawful Assembly,2
959,959,20.47441842,85.84288699,02-01-2021 23:20,Unlawful Assembly,6
960,960,20.46990415,85.86641896,25-03-2021 22:14,Extortion,4
961,961,20.46492592,85.86235945,29-03-2021 20:04,Unlawful Assembly,6
962,962,20.4689147,85.86169937,19-04-2021 06:13,Unlawful Assembly,2
963,963,20.46869825,85.86585789,17-01-2021 22:01,Theft,3
964,964,20.46755419,85.86440571,02-01-2021 01:23,Unlawful Assembly,1
965,965,20.46576079,85.86239245,14-04-2021 04:13,Grievous Hurt,3
966,966,20.45484529,85.87655125,02-03-2021 13:23,Assault,5
967,967,20.46579171,85.85965311,16-03-2021 06:16,Assault,6
968,968,20.46653381,85.86407567,04-01-2021 12:55,Robbery,2
969,969,20.45688621,85.87810244,18-02-2021 23:02,Theft,2
970,970,20.46461671,85.86057722,02-03-2021 04:07,Assault,5
971,971,20.45787573,85.87358087,27-02-2021 22:26,Grievous Hurt,1
972,972,20.4572882,85.87688129,08-04-2021 02:33,Unlawful Assembly,1
973,973,20.46322525,85.8643397,16-02-2021 22:36,Unlawful Assembly,2
974,974,20.45735005,85.87493404,12-02-2021 22:41,Robbery,4
975,975,20.45642236,85.87863051,18-03-2021 20:35,Theft,5
976,976,20.45945277,85.87519807,07-01-2021 19:13,Grievous Hurt,3
977,977,20.45997845,85.87886154,17-01-2021 22:39,Theft,6
978,978,20.45864879,85.87216169,27-04-2021 21:11,Robbery,3
979,979,20.45694805,85.87886154,13-01-2021 18:35,Theft,6
980,980,20.45598944,85.88057776,03-02-2021 18:22,Criminal Breach of Trust,2
981,981,20.46076831,85.88517848,14-02-2021 22:05,Robbery,2
982,982,20.45923294,85.88383464,14-03-2021 21:20,Unlawful Assembly,3
983,983,20.45887853,85.88352624,22-04-2021 13:20,Criminal Breach of Trust,2
984,984,20.46086748,85.88280327,05-02-2021 09:48,Assault,1
985,985,20.45743102,85.88573638,20-04-2021 11:22,Unlawful Assembly,6
986,986,20.45649082,85.88147818,17-02-2021 18:56,Theft,1
987,987,20.45861717,85.88702384,31-01-2021 10:45,Criminal Breach of Trust,1
988,988,20.45843623,85.88339749,25-04-2021 00:09,Robbery,3
989,989,20.45650621,85.88927689,25-03-2021 20:26,Robbery,3
990,990,20.45538036,85.88992062,06-03-2021 20:58,Theft,3
991,991,20.45678118,85.91940565,22-01-2021 02:51,Assault,3
992,992,20.45602197,85.92141985,23-04-2021 09:01,Grievous Hurt,1
993,993,20.45452523,85.92199864,09-02-2021 02:52,Unlawful Assembly,4
994,994,20.45300678,85.92192919,22-02-2021 06:21,Grievous Hurt,3
995,995,20.45413477,85.92229962,28-01-2021 18:35,Criminal Breach of Trust,5
996,996,20.45465538,85.91748405,27-04-2021 18:32,Criminal Breach of Trust,1
997,997,20.45714994,85.92209125,14-03-2021 11:17,Robbery,6
998,998,20.45769223,85.92148931,21-03-2021 21:46,Criminal Breach of Trust,1
999,999,20.45743193,85.91956771,17-02-2021 22:52,Extortion,4
1000,1000,20.45660765,85.92111888,27-03-2021 09:22,Unlawful Assembly,1
1001,1001,20.45710656,85.92262374,23-03-2021 03:50,Assault,1
1002,1002,20.45649919,85.92188289,07-01-2021 10:12,Extortion,2
1003,1003,20.45389616,85.9220218,04-02-2021 09:38,Criminal Breach of Trust,2
1004,1004,20.45517599,85.92297102,04-03-2021 18:24,Assault,5
1005,1005,20.45409139,85.92169767,18-01-2021 09:08,Assault,4
1006,1006,20.45472046,85.92047063,12-01-2021 13:14,Unlawful Assembly,2
1007,1007,20.45437338,85.92327199,26-01-2021 07:51,Robbery,3
1008,1008,20.45504584,85.92598075,02-02-2021 17:04,Robbery,1
1009,1009,20.45441677,85.92447588,01-04-2021 06:15,Criminal Breach of Trust,3
1010,1010,20.45231262,85.92565662,23-01-2021 19:42,Unlawful Assembly,6
1011,1011,20.45235601,85.92637433,23-03-2021 22:57,Theft,2
1012,1012,20.45426492,85.92165137,11-01-2021 19:26,Robbery,6
1013,1013,20.45239939,85.9240823,07-01-2021 09:24,Robbery,5
1014,1014,20.45213909,85.92125779,26-04-2021 04:38,Grievous Hurt,5
1015,1015,20.45448184,85.92512413,13-02-2021 23:14,Extortion,6
1016,1016,20.45454692,85.9213967,24-02-2021 08:57,Robbery,3
1017,1017,20.45515429,85.92561032,16-01-2021 18:50,Unlawful Assembly,3
1018,1018,20.45211739,85.92158191,10-02-2021 12:21,Theft,4
1019,1019,20.45738855,85.92223016,29-03-2021 07:32,Unlawful Assembly,3
1020,1020,20.45654771,85.91979511,16-03-2021 14:54,Extortion,3
1021,1021,20.45691133,85.92547141,03-01-2021 17:31,Robbery,4
1022,1022,20.45565177,85.92484197,09-04-2021 17:12,Extortion,2
1023,1023,20.45400918,85.9236201,26-01-2021 07:53,Theft,3
1024,1024,20.45420828,85.9244701,04-01-2021 01:09,Theft,1
1025,1025,20.45308833,85.92101698,11-02-2021 21:16,Theft,4
1026,1026,20.45430784,85.92165448,22-04-2021 04:34,Theft,5
1027,1027,20.45378519,85.92457635,19-04-2021 09:17,Robbery,5
1028,1028,20.45256569,85.92372635,23-04-2021 19:37,Criminal Breach of Trust,4
1029,1029,20.45239147,85.92399197,13-03-2021 06:51,Grievous Hurt,4
1030,1030,20.45440739,85.92441697,24-04-2021 21:24,Criminal Breach of Trust,3
1031,1031,20.45415851,85.92579822,05-04-2021 07:23,Grievous Hurt,6
1032,1032,20.45239147,85.9248951,26-04-2021 10:48,Assault,1
1033,1033,20.45236658,85.92670134,14-01-2021 14:36,Criminal Breach of Trust,2
1034,1034,20.4525408,85.92346073,24-04-2021 18:47,Extortion,2
1035,1035,20.45256569,85.92085761,21-04-2021 00:50,Criminal Breach of Trust,2
1036,1036,20.45229192,85.9251076,31-03-2021 13:42,Theft,5
1037,1037,20.45485536,85.92141542,17-02-2021 02:10,Theft,3
1038,1038,20.45460649,85.92335448,11-03-2021 22:17,Unlawful Assembly,5
1039,1039,20.45562688,85.92412479,13-02-2021 21:03,Theft,3
1040,1040,20.45687125,85.93172164,10-02-2021 12:46,Unlawful Assembly,5
1041,1041,20.45764275,85.92941071,21-04-2021 13:16,Criminal Breach of Trust,5
1042,1042,20.45490514,85.92654197,21-01-2021 14:46,Assault,5
1043,1043,20.4519186,85.93443101,10-02-2021 23:36,Extortion,1
1044,1044,20.45726944,85.92919821,13-04-2021 09:49,Unlawful Assembly,3
1045,1045,20.4535612,85.92954352,01-04-2021 17:36,Criminal Breach of Trust,1
1046,1046,20.45473093,85.93437789,26-02-2021 08:56,Theft,2
1047,1047,20.4557762,85.93448414,18-04-2021 00:05,Unlawful Assembly,6
1048,1048,20.45154528,85.93326226,06-04-2021 10:08,Extortion,1
1049,1049,20.45716989,85.92640916,24-01-2021 06:56,Criminal Breach of Trust,1
1050,1050,20.45241636,85.93400601,24-04-2021 15:50,Unlawful Assembly,3
1051,1051,20.4521177,85.92667478,09-03-2021 13:14,Robbery,4
1052,1052,20.44903155,85.93262477,09-04-2021 16:02,Grievous Hurt,5
1053,1053,20.44940488,85.92306229,06-02-2021 10:20,Extortion,2
1054,1054,20.45077374,85.93538726,24-04-2021 12:57,Grievous Hurt,6
1055,1055,20.44741379,85.93294352,15-04-2021 06:13,Grievous Hurt,2
1056,1056,20.4567717,85.9244701,11-02-2021 22:20,Robbery,4
1057,1057,20.44751334,85.93222633,06-01-2021 14:00,Criminal Breach of Trust,6
1058,1058,20.45012664,85.9353607,29-01-2021 07:38,Robbery,4
1059,1059,20.45368564,85.92978259,01-03-2021 12:37,Grievous Hurt,2
1060,1060,20.45371053,85.93687476,23-02-2021 07:42,Robbery,6
1061,1061,20.45244125,85.92598416,30-01-2021 16:14,Criminal Breach of Trust,4
1062,1062,20.45833959,85.915067,21-03-2021 06:41,Unlawful Assembly,6
1063,1063,20.45828982,85.91153419,07-01-2021 15:52,Robbery,1
1064,1064,20.45953416,85.90861232,26-01-2021 02:29,Robbery,6
1065,1065,20.45619929,85.91116232,26-04-2021 23:22,Grievous Hurt,4
1066,1066,20.45821516,85.91403106,20-03-2021 12:10,Robbery,2
1067,1067,20.45789162,85.91222481,22-03-2021 03:45,Assault,4
1068,1068,20.45515401,85.91474825,20-03-2021 18:12,Grievous Hurt,5
1069,1069,20.45784185,85.91573106,05-03-2021 03:02,Criminal Breach of Trust,1
1070,1070,20.45988258,85.90903732,07-03-2021 18:31,Assault,5
1071,1071,20.45682147,85.90739045,09-02-2021 10:38,Robbery,1
1072,1072,20.45572643,85.91852011,01-04-2021 09:22,Grievous Hurt,6
1073,1073,20.45627395,85.91195919,09-01-2021 07:23,Assault,3
1074,1074,20.45868801,85.913792,16-02-2021 03:39,Extortion,2
1075,1075,20.45712012,85.90850607,09-01-2021 13:58,Extortion,1
1076,1076,20.45527845,85.91296856,26-01-2021 12:34,Extortion,5
1077,1077,20.45510424,85.91727168,08-01-2021 04:00,Assault,5
1078,1078,20.45634861,85.90978107,27-02-2021 08:24,Theft,3
1079,1079,20.45582598,85.91153419,17-02-2021 12:36,Theft,6
1080,1080,20.46150021,85.90922326,12-03-2021 07:41,Unlawful Assembly,2
1081,1081,20.46047986,85.91105607,19-01-2021 12:08,Robbery,3
1082,1082,20.46329203,85.90765608,20-01-2021 01:40,Extortion,5
1083,1083,20.46159976,85.90837326,28-02-2021 17:45,Unlawful Assembly,2
1084,1084,20.46306806,85.91169357,15-02-2021 08:17,Robbery,2
1085,1085,20.46349112,85.90537171,19-03-2021 23:56,Robbery,3
1086,1086,20.46592995,85.90747014,01-04-2021 19:50,Criminal Breach of Trust,3
1087,1087,20.46642767,85.90975451,31-01-2021 10:54,Criminal Breach of Trust,2
1088,1088,20.46413816,85.9127295,28-03-2021 23:58,Unlawful Assembly,5
1089,1089,20.46311783,85.91546543,18-04-2021 15:03,Extortion,1
1090,1090,20.4629934,85.91182638,14-02-2021 06:09,Robbery,6
1091,1091,20.46172419,85.91267638,03-02-2021 07:14,Extortion,5
1092,1092,20.46359067,85.90932951,19-03-2021 11:04,Assault,1
1093,1093,20.46306806,85.9123045,17-01-2021 04:19,Grievous Hurt,3
1094,1094,20.46294363,85.90970138,05-04-2021 22:20,Robbery,1
1095,1095,20.46174908,85.91397794,26-03-2021 12:03,Extortion,4
1096,1096,20.46279431,85.91373887,04-02-2021 23:57,Extortion,1
1097,1097,20.46030566,85.91039201,02-02-2021 22:55,Grievous Hurt,6
1098,1098,20.45985769,85.9043889,02-01-2021 01:16,Theft,6
1099,1099,20.46033054,85.90832014,27-03-2021 04:45,Unlawful Assembly,3
1100,1100,20.46214726,85.91121544,11-02-2021 17:08,Grievous Hurt,5
1101,1101,20.45759298,85.90943576,14-03-2021 21:20,Unlawful Assembly,3
1102,1102,20.45846403,85.91057794,09-03-2021 16:23,Assault,2
1103,1103,20.4551789,85.91413731,15-01-2021 02:09,Unlawful Assembly,1
1104,1104,20.45811561,85.9039639,09-04-2021 07:10,Criminal Breach of Trust,5
1105,1105,20.45612463,85.89785454,27-04-2021 12:16,Theft,1
1106,1106,20.45724456,85.90422952,08-04-2021 10:18,Grievous Hurt,6
1107,1107,20.4557762,85.89865141,03-02-2021 00:53,Grievous Hurt,3
1108,1108,20.46020611,85.90752326,25-04-2021 22:36,Robbery,1
1109,1109,20.45881244,85.89891703,17-04-2021 21:42,Criminal Breach of Trust,3
1110,1110,20.45761786,85.90693889,14-01-2021 11:33,Grievous Hurt,1
1111,1111,20.46080339,85.9114545,19-01-2021 03:39,Theft,6
1112,1112,20.45988258,85.91565137,27-03-2021 13:18,Robbery,4
1113,1113,20.45500469,85.90337952,23-04-2021 17:52,Unlawful Assembly,2
1114,1114,20.44109823,85.91148059,10-01-2021 14:31,Grievous Hurt,5
1115,1115,20.44059612,85.91025579,24-01-2021 00:33,Grievous Hurt,1
1116,1116,20.43822902,85.91293503,09-02-2021 16:32,Theft,5
1117,1117,20.43894633,85.9196714,15-02-2021 12:10,Unlawful Assembly,3
1118,1118,20.43808556,85.91630321,20-04-2021 21:53,Criminal Breach of Trust,4
1119,1119,20.44411083,85.91561427,21-04-2021 05:12,Extortion,4
1120,1120,20.44525848,85.92464712,26-01-2021 16:33,Extortion,3
1121,1121,20.44697993,85.92372853,02-04-2021 08:55,Assault,1
1122,1122,20.44497157,85.92464712,27-02-2021 14:59,Criminal Breach of Trust,3
1123,1123,20.44167206,85.90298358,07-04-2021 18:21,Grievous Hurt,2
1124,1124,20.45396939,85.92304494,17-01-2021 08:31,Theft,6
1125,1125,20.45477706,85.92379315,30-03-2021 17:16,Unlawful Assembly,1
1126,1126,20.45352445,85.92200697,16-02-2021 14:33,Unlawful Assembly,3
1127,1127,20.45544443,85.9239137,19-03-2021 11:24,Assault,1
1128,1128,20.45468284,85.92512625,22-01-2021 12:45,Extortion,6
1129,1129,20.45533149,85.92203984,04-01-2021 09:14,Assault,3
1130,1130,20.45439746,85.92390792,28-02-2021 15:35,Assault,3
1131,1131,20.45449259,85.921742,21-02-2021 21:20,Criminal Breach of Trust,2
1132,1132,20.45633168,85.92069289,03-03-2021 16:23,Robbery,1
1133,1133,20.45750488,85.92272343,15-04-2021 19:23,Unlawful Assembly,5
1134,1134,20.45455601,85.92553236,15-02-2021 15:45,Assault,6
1135,1135,20.47259318,85.8568072,14-04-2021 20:40,Assault,5
1136,1136,20.46868669,85.85905757,29-03-2021 08:56,Extortion,4
1137,1137,20.46004671,85.8764899,26-03-2021 14:58,Extortion,2
1138,1138,20.45795557,85.87659371,21-01-2021 11:05,Extortion,3
1139,1139,20.46121384,85.8836528,03-04-2021 18:45,Criminal Breach of Trust,5
1140,1140,20.45246322,85.92050675,11-04-2021 19:40,Criminal Breach of Trust,3
1141,1141,20.44877308,85.90106984,13-01-2021 22:11,Criminal Breach of Trust,5
1142,1142,20.46504415,85.88113485,19-02-2021 15:24,Robbery,2
1143,1143,20.45961957,85.88309452,16-04-2021 13:35,Theft,6
1144,1144,20.4596613,85.88367351,28-01-2021 13:18,Assault,4
1145,1145,20.45941093,85.88834997,27-01-2021 09:40,Robbery,3
1146,1146,20.4566151,85.88429704,28-03-2021 17:32,Extortion,4
1147,1147,20.45778351,85.87837351,13-03-2021 18:54,Robbery,6
1148,1148,20.45557187,85.88407435,26-02-2021 19:00,Extortion,6
1149,1149,20.46049586,85.88278275,11-01-2021 06:15,Theft,4
1150,1150,20.45607262,85.88055586,10-04-2021 06:42,Robbery,3
1151,1151,20.45772744,85.87735783,17-01-2021 20:49,Criminal Breach of Trust,3
1152,1152,20.46053759,85.88995334,08-03-2021 13:41,Robbery,1
1153,1153,20.46204045,85.88199412,25-03-2021 04:36,Robbery,5
1154,1154,20.45603301,85.88932668,20-03-2021 08:21,Robbery,5
1155,1155,20.46265658,85.88064598,10-01-2021 21:37,Unlawful Assembly,4
1156,1156,20.45862086,85.88337514,23-03-2021 16:54,Robbery,4
1157,1157,20.46022284,85.88258598,11-03-2021 14:18,Criminal Breach of Trust,5
1158,1158,20.45751178,85.88015275,06-02-2021 10:17,Theft,3
1159,1159,20.45892893,85.88577548,15-02-2021 10:52,Theft,4
1160,1160,20.45960669,85.88205988,06-02-2021 11:21,Assault,5
1161,1161,20.45748098,85.88541379,22-04-2021 16:33,Assault,3
1162,1162,20.45587897,85.88340802,06-04-2021 02:21,Theft,1
1163,1163,20.4618556,85.87913343,12-04-2021 20:48,Unlawful Assembly,3
1164,1164,20.45621786,85.8834409,01-04-2021 21:58,Assault,1
1165,1165,20.45587897,85.88478904,15-01-2021 11:56,Theft,2
1166,1166,20.46043849,85.88261886,22-01-2021 11:03,Robbery,4
1167,1167,20.46234851,85.87893614,05-02-2021 06:25,Robbery,2
1168,1168,20.45902135,85.88298056,21-02-2021 02:25,Theft,5
1169,1169,20.46136269,85.87896902,04-02-2021 10:03,Theft,1
1170,1170,20.45828197,85.87956089,30-03-2021 20:18,Criminal Breach of Trust,5
1171,1171,20.4564027,85.88330937,03-04-2021 03:25,Assault,4
1172,1172,20.45834359,85.88426294,29-01-2021 04:40,Criminal Breach of Trust,6
1173,1173,20.46013041,85.87808122,21-03-2021 00:55,Theft,6
1174,1174,20.45735775,85.87801546,12-03-2021 20:38,Unlawful Assembly,6
1175,1175,20.4584052,85.88695921,02-04-2021 02:17,Robbery,5
1176,1176,20.46000719,85.88672904,24-02-2021 03:11,Extortion,6
1177,1177,20.45988396,85.88002123,26-01-2021 10:19,Theft,2
1178,1178,20.4560022,85.87785105,17-01-2021 16:08,Unlawful Assembly,5
1179,1179,20.45480068,85.88554531,29-01-2021 15:25,Theft,5
1180,1180,20.45760421,85.87831139,26-02-2021 11:45,Criminal Breach of Trust,5
1181,1181,20.46028445,85.88330937,01-02-2021 13:04,Criminal Breach of Trust,2
1182,1182,20.45634109,85.88008699,13-03-2021 09:26,Extortion,1
1183,1183,20.45948346,85.87817987,13-01-2021 19:44,Grievous Hurt,1
1184,1184,20.45871328,85.8829148,27-03-2021 16:37,Theft,5
1185,1185,20.45544766,85.88393412,07-01-2021 22:03,Unlawful Assembly,3
1186,1186,20.45745017,85.88469039,30-03-2021 23:50,Extortion,6
1187,1187,20.45748098,85.87732495,22-01-2021 03:52,Grievous Hurt,2
1188,1188,20.48404884,85.86933458,30-03-2021 21:51,Theft,1
1189,1189,20.47420535,85.88301738,24-02-2021 03:27,Robbery,6
1190,1190,20.48059186,85.862036,31-01-2021 00:08,Unlawful Assembly,4
1191,1191,20.47587951,85.85647627,06-03-2021 17:49,Extortion,6
1192,1192,20.48828012,85.85899138,11-03-2021 04:52,Criminal Breach of Trust,5
1193,1193,20.48735011,85.86018275,15-02-2021 16:10,Grievous Hurt,1
1194,1194,20.48598608,85.85826332,22-01-2021 12:20,Grievous Hurt,4
1195,1195,20.48524206,85.85687339,19-04-2021 12:00,Criminal Breach of Trust,1
1196,1196,20.48790811,85.85488777,03-04-2021 01:42,Robbery,3
1197,1197,20.48474605,85.85965326,16-01-2021 06:00,Extortion,5
1198,1198,20.48381601,85.85846188,26-02-2021 19:58,Robbery,4
1199,1199,20.48567607,85.85581439,02-04-2021 15:45,Criminal Breach of Trust,3
1200,1200,20.48090187,85.86534536,28-01-2021 12:51,Grievous Hurt,5
1201,1201,20.4812739,85.83112653,30-01-2021 23:22,Grievous Hurt,5
1202,1202,20.47786367,85.8385395,09-04-2021 18:01,Theft,2
1203,1203,20.48456004,85.83476683,10-03-2021 02:50,Theft,4
1204,1204,20.4869781,85.84568773,30-03-2021 13:04,Criminal Breach of Trust,1
1205,1205,20.48325799,85.84979135,11-03-2021 18:35,Assault,6
1206,1206,20.48728811,85.84998991,09-04-2021 16:27,Theft,2
1207,1207,20.48170525,85.86449945,15-04-2021 16:47,Assault,6
1208,1208,20.48411644,85.87058546,15-01-2021 09:15,Theft,4
1209,1209,20.48292212,85.87152362,07-02-2021 21:25,Criminal Breach of Trust,2
1210,1210,20.4819306,85.86750637,25-03-2021 00:29,Assault,3
1211,1211,20.48364322,85.87154767,13-04-2021 14:12,Robbery,4
1212,1212,20.48549103,85.8640424,04-04-2021 02:25,Extortion,5
1213,1213,20.48495021,85.86781909,20-03-2021 15:50,Robbery,3
1214,1214,20.48102921,85.86370563,12-03-2021 09:07,Criminal Breach of Trust,5
1215,1215,20.48069119,85.8700803,30-03-2021 05:42,Assault,1
1216,1216,20.48224608,85.87188445,15-01-2021 15:45,Robbery,2
1217,1217,20.48154751,85.87238961,27-03-2021 19:40,Assault,4
1218,1218,20.47978979,85.86606305,06-01-2021 13:08,Extortion,2
1219,1219,20.48107428,85.86683282,19-04-2021 14:52,Extortion,2
1220,1220,20.48078133,85.86683282,18-03-2021 18:22,Robbery,2
1221,1221,20.48114188,85.87554087,17-02-2021 20:34,Theft,5
1222,1222,20.48127709,85.86685688,31-03-2021 21:19,Theft,2
1223,1223,20.47893346,85.86781909,09-04-2021 03:56,Robbery,4
1224,1224,20.48542343,85.87097035,22-03-2021 03:05,Theft,5
1225,1225,20.4804433,85.86555789,03-02-2021 14:55,Grievous Hurt,6
1226,1226,20.48008275,85.86962325,18-04-2021 10:56,Criminal Breach of Trust,2
1227,1227,20.48551357,85.86084304,08-04-2021 16:07,Grievous Hurt,6
1228,1228,20.48632479,85.86384996,22-02-2021 22:30,Robbery,6
1229,1229,20.48440939,85.87015246,23-01-2021 02:09,Robbery,1
1230,1230,20.48438686,85.86644794,31-01-2021 11:32,Grievous Hurt,1
1231,1231,20.48677547,85.86406646,12-04-2021 00:02,Criminal Breach of Trust,1
1232,1232,20.47974472,85.8649565,14-01-2021 05:27,Robbery,4
1233,1233,20.48377843,85.87024868,29-03-2021 13:57,Extortion,6
1234,1234,20.48064612,85.87041707,27-01-2021 13:46,Criminal Breach of Trust,5
1235,1235,20.48498779,85.86942872,17-04-2021 16:27,Extortion,5
1236,1236,20.48679092,85.87048429,05-03-2021 13:17,Robbery,2
1237,1237,20.48399897,85.86899408,28-01-2021 02:59,Unlawful Assembly,1
1238,1238,20.48324281,85.87427192,02-03-2021 13:30,Theft,4
1239,1239,20.47963645,85.87073266,04-04-2021 16:37,Grievous Hurt,4
1240,1240,20.48301014,85.87725234,29-01-2021 06:14,Grievous Hurt,4
1241,1241,20.48045079,85.86216393,22-04-2021 07:27,Theft,3
1242,1242,20.4846388,85.85949397,22-01-2021 10:08,Theft,1
1243,1243,20.48359181,85.85943187,19-03-2021 04:24,Grievous Hurt,6
1244,1244,20.47998545,85.87452029,27-02-2021 15:54,Robbery,1
1245,1245,20.47707704,85.86526854,23-01-2021 17:01,Robbery,4
1246,1246,20.48301014,85.87346472,20-01-2021 20:12,Grievous Hurt,4
1247,1247,20.47562282,85.87116731,02-04-2021 23:34,Assault,4
1248,1248,20.48754706,85.84937293,13-03-2021 17:05,Grievous Hurt,1
1249,1249,20.4884777,85.85309847,15-03-2021 20:21,Unlawful Assembly,1
1250,1250,20.48301014,85.85837631,28-03-2021 17:45,Extortion,5
1251,1251,20.48673275,85.856824,23-03-2021 22:05,Criminal Breach of Trust,5
1252,1252,20.48533678,85.85421613,06-02-2021 08:02,Extortion,5
1253,1253,20.48359181,85.85434031,01-04-2021 15:59,Robbery,5
1254,1254,20.48487146,85.85483705,02-01-2021 02:49,Assault,1
1255,1255,20.48330097,85.85210499,11-02-2021 08:35,Criminal Breach of Trust,6
1256,1256,20.48091613,85.86328159,23-03-2021 04:57,Grievous Hurt,3
1257,1257,20.4789966,85.85632726,14-03-2021 10:38,Robbery,6
1258,1258,20.48277748,85.84937293,19-01-2021 10:51,Extortion,5
1259,1259,20.48370814,85.86911826,13-02-2021 22:47,Assault,1
1260,1260,20.48638376,85.85930769,27-03-2021 19:17,Extortion,5
1261,1261,20.4809743,85.84707552,06-01-2021 13:27,Robbery,3
1262,1262,20.48452246,85.86371624,19-02-2021 04:28,Assault,4
1263,1263,20.48109063,85.86477181,08-04-2021 07:24,Robbery,6
1264,1264,20.48690725,85.8607979,21-01-2021 16:18,Extortion,4
1265,1265,20.48161414,85.86073581,04-04-2021 02:16,Theft,2
1266,1266,20.48359181,85.85142198,20-04-2021 00:42,Robbery,3
1267,1267,20.47504112,85.86284695,10-04-2021 04:59,Theft,4
1268,1268,20.48004362,85.87191241,07-03-2021 02:48,Criminal Breach of Trust,2
1269,1269,20.45363324,85.92133783,20-02-2021 20:04,Robbery,6
1270,1270,20.45747292,85.92233131,07-01-2021 08:11,Grievous Hurt,5
1271,1271,20.47818225,85.89097473,06-02-2021 12:09,Unlawful Assembly,5
1272,1272,20.45363324,85.92195875,09-01-2021 11:29,Criminal Breach of Trust,2
1273,1273,20.44758265,85.91984762,12-02-2021 09:59,Grievous Hurt,4
1274,1274,20.45316782,85.9255601,17-02-2021 00:44,Robbery,4
1275,1275,20.44292818,85.91078215,06-02-2021 22:28,Assault,6
1276,1276,20.44851352,85.90432456,01-02-2021 00:33,Unlawful Assembly,6
1277,1277,20.45875279,85.91388676,17-02-2021 08:59,Theft,2
1278,1278,20.44071726,85.90035066,19-04-2021 01:06,Robbery,3
1279,1279,20.45262566,85.92220026,16-01-2021 17:03,Extortion,1
1280,1280,20.45349386,85.92431826,02-02-2021 02:57,Extortion,6
1281,1281,20.45101326,85.93159886,10-03-2021 16:37,Extortion,3
1282,1282,20.45349386,85.91975133,09-02-2021 12:59,Unlawful Assembly,3
1283,1283,20.44952488,85.91624341,20-02-2021 03:00,Robbery,1
1284,1284,20.4565421,85.93127259,13-01-2021 03:38,Extortion,4
1285,1285,20.46322985,85.91935421,05-02-2021 15:17,Unlawful Assembly,3
1286,1286,20.46043934,85.92067795,15-01-2021 12:55,Grievous Hurt,5
1287,1287,20.45684262,85.92822331,07-02-2021 22:16,Criminal Breach of Trust,3
1288,1288,20.45523026,85.9314003,11-01-2021 18:12,Extortion,6
1289,1289,20.45293573,85.92504632,07-03-2021 08:02,Theft,6
1290,1290,20.45417602,85.89433541,15-04-2021 12:45,Criminal Breach of Trust,6
1291,1291,20.44946286,85.90174838,19-01-2021 11:33,Extortion,4
1292,1292,20.45696664,85.89135698,09-04-2021 23:54,Grievous Hurt,6
1293,1293,20.45684262,85.89976277,07-01-2021 07:30,Theft,2
1294,1294,20.45727671,85.89711527,03-03-2021 22:21,Robbery,2
1295,1295,20.45616047,85.89916708,20-03-2021 08:37,Theft,3
1296,1296,20.45318379,85.905852,16-01-2021 02:49,Robbery,6
1297,1297,20.46130751,85.90664625,01-04-2021 05:08,Theft,1
1298,1298,20.44785043,85.90214551,04-04-2021 02:15,Unlawful Assembly,2
1299,1299,20.4503931,85.90591818,16-02-2021 10:10,Theft,6
1300,1300,20.44704421,85.90214551,17-02-2021 18:21,Extortion,1
1301,1301,20.4488427,85.91564772,05-02-2021 03:42,Criminal Breach of Trust,2
1302,1302,20.44605193,85.90108651,05-04-2021 14:00,Robbery,2
1303,1303,20.45498221,85.90876424,08-02-2021 11:31,Robbery,6
1304,1304,20.46198963,85.90677862,08-01-2021 04:45,Assault,1
1305,1305,20.45950916,85.88434112,22-04-2021 05:36,Theft,3
1306,1306,20.45442408,85.883944,25-04-2021 01:22,Extortion,3
1307,1307,20.45355588,85.88361306,26-02-2021 18:22,Grievous Hurt,6
1308,1308,20.4577108,85.88645912,15-02-2021 01:21,Robbery,1
1309,1309,20.46037733,85.88328213,19-04-2021 10:05,Theft,2
1310,1310,20.45963319,85.87970801,13-03-2021 10:47,Grievous Hurt,1
1311,1311,20.45616047,85.88050226,26-01-2021 22:18,Theft,2
1312,1312,20.46198963,85.87606771,09-03-2021 09:56,Assault,5
1313,1313,20.46062538,85.8834145,25-04-2021 23:14,Extortion,6
1314,1314,20.4623617,85.88592962,09-04-2021 05:51,Grievous Hurt,5
1315,1315,20.45777281,85.88546631,22-03-2021 07:52,Criminal Breach of Trust,6
1316,1316,20.45808288,85.89268072,28-03-2021 10:30,Criminal Breach of Trust,4
1317,1317,20.45671859,85.88606199,01-04-2021 03:28,Unlawful Assembly,4
1318,1318,20.45578839,85.883944,26-04-2021 10:13,Assault,1
1319,1319,20.45492019,85.88632674,05-03-2021 16:57,Theft,1
1320,1320,20.45566436,85.89380591,25-04-2021 17:44,Theft,6
1321,1321,20.45355588,85.88698861,15-03-2021 02:45,Robbery,6
1322,1322,20.46750853,85.89876996,26-04-2021 03:43,Theft,6
1323,1323,20.46980284,85.89453397,04-04-2021 11:28,Unlawful Assembly,6
1324,1324,20.46341588,85.89969658,09-04-2021 22:19,Grievous Hurt,2
1325,1325,20.46502815,85.8922836,26-03-2021 07:50,Robbery,6
1326,1326,20.46955481,85.89479872,27-02-2021 05:07,Extortion,4
1327,1327,20.45944715,85.89460015,14-01-2021 02:41,Robbery,5
1328,1328,20.45926111,85.90466063,21-01-2021 08:27,Grievous Hurt,2
1329,1329,20.46440805,85.8928131,11-01-2021 02:59,Assault,3
1330,1330,20.45895105,85.89023179,04-04-2021 12:09,Unlawful Assembly,1
1331,1331,20.46831464,85.89009942,25-03-2021 08:15,Robbery,5
1332,1332,20.46856267,85.8990347,06-02-2021 22:01,Criminal Breach of Trust,3
1333,1333,20.46037733,85.89771096,11-01-2021 21:15,Theft,2
1334,1334,20.46540021,85.86891948,23-02-2021 04:13,Criminal Breach of Trust,6
1335,1335,20.47098099,85.87984038,13-03-2021 13:09,Grievous Hurt,5
1336,1336,20.46806661,85.88056845,22-01-2021 07:39,Assault,1
1337,1337,20.46943079,85.87639865,09-04-2021 16:16,Grievous Hurt,2
1338,1338,20.46540021,85.88665768,28-01-2021 07:30,Robbery,3
1339,1339,20.46192762,85.8881138,24-03-2021 12:46,Grievous Hurt,4
1340,1340,20.46428403,85.88096557,19-02-2021 16:01,Assault,2
1341,1341,20.46738451,85.89082748,28-02-2021 15:50,Criminal Breach of Trust,1
1342,1342,20.46130751,85.88440731,24-04-2021 20:51,Theft,2
1343,1343,20.46081141,85.88050226,08-04-2021 16:37,Grievous Hurt,4
1344,1344,20.46806661,85.87732527,15-03-2021 16:57,Robbery,5
1345,1345,20.4601913,85.88367925,16-02-2021 16:33,Extortion,3
1346,1346,20.46124549,85.87931089,10-03-2021 17:59,Extortion,2
1347,1347,20.46031532,85.88606199,22-04-2021 10:51,Theft,4
1348,1348,20.46056337,85.87183172,04-03-2021 23:46,Robbery,2
1349,1349,20.46087343,85.87970801,26-04-2021 17:06,Unlawful Assembly,6
1350,1350,20.45560235,85.88103176,25-02-2021 23:27,Unlawful Assembly,3
1351,1351,20.45981922,85.87950945,25-03-2021 19:03,Criminal Breach of Trust,3
1352,1352,20.46589628,85.8870548,04-04-2021 01:20,Robbery,6
1353,1353,20.45981922,85.883944,27-04-2021 13:29,Unlawful Assembly,5
1354,1354,20.4618036,85.87845045,08-02-2021 02:26,Unlawful Assembly,1
1355,1355,20.47804969,85.86713242,20-01-2021 06:56,Theft,1
1356,1356,20.48065386,85.87838426,13-01-2021 22:11,Theft,2
1357,1357,20.4797238,85.88414256,11-02-2021 14:06,Theft,2
1358,1358,20.47928977,85.87527346,27-01-2021 21:25,Extortion,2
1359,1359,20.4782977,85.86872092,16-01-2021 20:25,Unlawful Assembly,5
1360,1360,20.48028184,85.86633817,15-01-2021 19:06,Grievous Hurt,2
1361,1361,20.47780167,85.87494252,30-01-2021 19:27,Assault,1
1362,1362,20.47420535,85.88301738,28-01-2021 09:50,Assault,1
1363,1363,20.48059186,85.862036,15-02-2021 03:13,Assault,1
1364,1364,20.47587951,85.85647627,16-04-2021 06:07,Theft,2
1365,1365,20.48828012,85.85899138,12-02-2021 22:39,Criminal Breach of Trust,6
1366,1366,20.48735011,85.86018275,04-01-2021 05:52,Grievous Hurt,3
1367,1367,20.48598608,85.85826332,07-04-2021 10:12,Theft,3
1368,1368,20.48524206,85.85687339,04-01-2021 23:58,Assault,6
1369,1369,20.48790811,85.85488777,17-02-2021 17:34,Assault,4
1370,1370,20.48474605,85.85965326,09-03-2021 13:59,Assault,3
1371,1371,20.48381601,85.85846188,14-04-2021 18:17,Grievous Hurt,6
1372,1372,20.48567607,85.85581439,01-03-2021 20:50,Theft,3
1373,1373,20.48090187,85.86534536,19-01-2021 05:59,Extortion,6
1374,1374,20.4812739,85.83112653,08-03-2021 10:22,Robbery,6
1375,1375,20.47786367,85.8385395,24-01-2021 03:51,Extortion,6
1376,1376,20.48456004,85.83476683,14-02-2021 15:22,Unlawful Assembly,2
1377,1377,20.4869781,85.84568773,30-03-2021 20:47,Robbery,3
1378,1378,20.48325799,85.84979135,26-01-2021 23:01,Extortion,5
1379,1379,20.48728811,85.84998991,30-01-2021 03:48,Assault,3
1380,1380,20.47749164,85.84714385,27-01-2021 05:47,Grievous Hurt,5
1381,1381,20.47550747,85.85548345,27-02-2021 12:30,Unlawful Assembly,4
1382,1382,20.4813359,85.860977,29-03-2021 06:52,Assault,2
1383,1383,20.47724362,85.86157269,06-01-2021 23:50,Theft,5
1384,1384,20.48406402,85.85720432,24-04-2021 17:44,Assault,2
1385,1385,20.48021983,85.85442446,18-03-2021 04:38,Robbery,1
1386,1386,20.47997182,85.85912376,24-04-2021 02:22,Grievous Hurt,3
1387,1387,20.47612753,85.85687339,09-03-2021 05:35,Theft,3
1388,1388,20.48307198,85.84747479,07-03-2021 10:54,Extortion,6
1389,1389,20.47848372,85.85085034,05-01-2021 00:21,Theft,4
1390,1390,20.47916577,85.84886472,07-01-2021 02:05,Unlawful Assembly,6
1391,1391,20.47922777,85.84495967,02-03-2021 13:40,Criminal Breach of Trust,3
1392,1392,20.47860773,85.84674673,03-03-2021 15:29,Assault,2
1393,1393,20.47494942,85.8583957,13-03-2021 18:20,Unlawful Assembly,2
1394,1394,20.47358528,85.86554393,26-04-2021 18:25,Criminal Breach of Trust,5
1395,1395,20.47253117,85.84853379,02-01-2021 07:41,Robbery,6
1396,1396,20.46893473,85.86137412,08-02-2021 12:21,Assault,4
1397,1397,20.46496614,85.86163888,20-01-2021 16:53,Unlawful Assembly,6
1398,1398,20.47228314,85.86845617,19-02-2021 00:30,Robbery,1
1399,1399,20.4694928,85.86269787,12-04-2021 13:37,Unlawful Assembly,1
1400,1400,20.46924477,85.87342022,26-01-2021 21:07,Grievous Hurt,4
1401,1401,20.47618953,85.85819714,06-03-2021 10:48,Grievous Hurt,4
1402,1402,20.46918276,85.86177125,02-04-2021 23:21,Theft,6
1403,1403,20.46769455,85.85952088,16-01-2021 23:28,Assault,5
1404,1404,20.46757054,85.87229503,30-03-2021 05:26,Grievous Hurt,5
1405,1405,20.4660203,85.86322737,20-02-2021 15:12,Criminal Breach of Trust,4
1406,1406,20.46571026,85.8646173,05-02-2021 07:55,Assault,4
1407,1407,20.46918276,85.86137413,14-03-2021 17:13,Grievous Hurt,3
1408,1408,20.46595829,85.86124175,26-04-2021 10:38,Unlawful Assembly,4
1409,1409,20.45612913,85.88634723,23-03-2021 11:19,Robbery,3
1410,1410,20.4575804,85.88718128,14-03-2021 05:13,Assault,6
1411,1411,20.45556764,85.92196314,21-04-2021 22:34,Unlawful Assembly,3
1412,1412,20.45535202,85.92094402,05-02-2021 02:17,Unlawful Assembly,4
1413,1413,20.45477706,85.92379315,11-02-2021 00:23,Extortion,4
1414,1414,20.45352445,85.92200697,24-04-2021 19:57,Criminal Breach of Trust,6
1415,1415,20.45544443,85.9239137,03-01-2021 16:41,Robbery,1
1416,1416,20.45468284,85.92512625,22-01-2021 02:46,Extortion,5
1417,1417,20.45533149,85.92203984,08-04-2021 16:47,Extortion,4
1418,1418,20.45439746,85.92390792,13-04-2021 10:22,Grievous Hurt,5
1419,1419,20.45449259,85.921742,28-01-2021 21:50,Grievous Hurt,1
1420,1420,20.45633168,85.92069289,09-04-2021 19:21,Assault,1
1421,1421,20.45750488,85.92272343,12-01-2021 14:25,Extortion,5
1422,1422,20.45455601,85.92553236,22-03-2021 08:55,Criminal Breach of Trust,5
1423,1423,20.47259318,85.8568072,04-03-2021 13:31,Assault,3
1424,1424,20.46868669,85.85905757,20-01-2021 21:31,Robbery,2
1425,1425,20.46004671,85.8764899,02-02-2021 03:02,Extortion,6
1426,1426,20.45795557,85.87659371,31-01-2021 08:41,Robbery,4
1427,1427,20.46121384,85.8836528,04-03-2021 04:14,Theft,2
1428,1428,20.46242959,85.87877372,13-02-2021 02:10,Criminal Breach of Trust,5
1429,1429,20.46277,85.87617847,21-03-2021 23:16,Grievous Hurt,4
1430,1430,20.45844188,85.87467322,20-01-2021 07:28,Assault,1
1431,1431,20.46272137,85.87472512,28-01-2021 19:45,Extortion,4
1432,1432,20.46330493,85.87197416,10-01-2021 03:28,Grievous Hurt,6
1433,1433,20.4582316,85.87995284,27-04-2021 13:23,Robbery,4
1434,1434,20.4588828,85.88440111,31-01-2021 06:48,Extortion,1
1435,1435,20.45735712,85.88678411,23-04-2021 02:29,Extortion,3
1436,1436,20.45702222,85.88571176,22-01-2021 04:00,Extortion,1
1437,1437,20.46007357,85.88364649,09-04-2021 03:00,Assault,4
1438,1438,20.45944098,85.88519544,26-04-2021 22:29,Robbery,1
1439,1439,20.45860372,85.88316989,31-01-2021 17:16,Grievous Hurt,2
1440,1440,20.45689198,85.88318975,19-04-2021 23:14,Robbery,4
1441,1441,20.45828742,85.88156136,02-01-2021 23:54,Assault,2
1442,1442,20.45689198,85.88158122,02-02-2021 15:42,Theft,1
1443,1443,20.45687337,85.88029043,08-04-2021 11:59,Unlawful Assembly,6
1444,1444,20.45730131,85.87913865,23-03-2021 10:22,Assault,1
1445,1445,20.45906886,85.88507629,16-01-2021 03:20,Robbery,6
1446,1446,20.45914328,85.88054859,05-03-2021 09:13,Theft,3
1447,1447,20.46121384,85.8836528,23-04-2021 11:07,Theft,2
1448,1448,20.46242959,85.87877372,11-04-2021 19:56,Assault,2
1449,1449,20.46277,85.87617847,27-02-2021 20:57,Theft,6
1450,1450,20.45844188,85.87467322,07-01-2021 15:50,Criminal Breach of Trust,2
1451,1451,20.46272137,85.87472512,10-04-2021 10:54,Theft,4
1452,1452,20.46330493,85.87197416,08-01-2021 04:20,Grievous Hurt,6
1453,1453,20.4582316,85.87995284,06-04-2021 19:31,Robbery,3
1454,1454,20.4588828,85.88440111,23-04-2021 16:13,Extortion,6
1455,1455,20.45735712,85.88678411,20-04-2021 04:08,Extortion,2
1456,1456,20.45702222,85.88571176,08-04-2021 11:42,Assault,5
1457,1457,20.46007357,85.88364649,02-01-2021 06:48,Theft,3
1458,1458,20.45944098,85.88519544,07-04-2021 23:26,Extortion,5
1459,1459,20.45860372,85.88316989,14-03-2021 02:22,Assault,4
1460,1460,20.45689198,85.88318975,06-03-2021 11:16,Grievous Hurt,6
1461,1461,20.45828742,85.88156136,03-01-2021 16:20,Theft,5
1462,1462,20.45689198,85.88158122,28-02-2021 22:25,Theft,5
1463,1463,20.45687337,85.88029043,01-02-2021 16:24,Unlawful Assembly,1
1464,1464,20.45730131,85.87913865,08-01-2021 04:35,Grievous Hurt,2
1465,1465,20.45906886,85.88507629,08-01-2021 00:32,Grievous Hurt,4
1466,1466,20.45914328,85.88054859,18-02-2021 04:58,Unlawful Assembly,5
1467,1467,20.45612913,85.88634723,02-03-2021 19:50,Robbery,5
1468,1468,20.4575804,85.88718128,09-04-2021 07:13,Unlawful Assembly,5
1469,1469,20.45556764,85.92196314,07-01-2021 17:51,Grievous Hurt,3
1470,1470,20.45535202,85.92094402,28-01-2021 22:42,Extortion,5
1471,1471,20.45477706,85.92379315,16-03-2021 20:29,Robbery,3
1472,1472,20.45352445,85.92200697,14-04-2021 01:19,Theft,4
1473,1473,20.45544443,85.9239137,23-02-2021 16:24,Robbery,2
1474,1474,20.45468284,85.92512625,25-03-2021 07:50,Criminal Breach of Trust,4
1475,1475,20.45612913,85.88634723,22-01-2021 13:32,Theft,2
1476,1476,20.4575804,85.88718128,27-03-2021 20:44,Grievous Hurt,5
1477,1477,20.45556764,85.92196314,05-03-2021 19:14,Grievous Hurt,2
1478,1478,20.45535202,85.92094402,23-04-2021 00:10,Theft,5
1479,1479,20.45477706,85.92379315,31-03-2021 08:12,Theft,3
1480,1480,20.45352445,85.92200697,05-03-2021 14:14,Unlawful Assembly,1
1481,1481,20.45544443,85.9239137,13-02-2021 23:30,Robbery,5
1482,1482,20.45468284,85.92512625,15-02-2021 19:01,Assault,6
1483,1483,20.45533149,85.92203984,29-03-2021 15:03,Unlawful Assembly,1
1484,1484,20.45439746,85.92390792,15-04-2021 03:27,Grievous Hurt,3
1485,1485,20.45449259,85.921742,23-04-2021 02:27,Grievous Hurt,6
1486,1486,20.45633168,85.92069289,20-03-2021 19:40,Unlawful Assembly,2
1487,1487,20.45750488,85.92272343,18-03-2021 21:05,Unlawful Assembly,5
1488,1488,20.45455601,85.92553236,25-04-2021 19:58,Robbery,1
1489,1489,20.45531701,85.92035446,16-03-2021 04:04,Robbery,4
1490,1490,20.45414379,85.92121744,29-03-2021 01:08,Criminal Breach of Trust,1
1491,1491,20.45409623,85.92367102,28-02-2021 04:24,Grievous Hurt,2
1492,1492,20.4543499,85.92189429,07-02-2021 18:06,Theft,2
1493,1493,20.45396939,85.92304494,03-01-2021 15:01,Criminal Breach of Trust,2
1494,1494,20.45477706,85.92379315,01-01-2021 18:06,Theft,1
1495,1495,20.45352445,85.92200697,27-04-2021 18:58,Assault,2
1496,1496,20.45544443,85.9239137,06-01-2021 13:36,Theft,5
1497,1497,20.45468284,85.92512625,27-02-2021 07:01,Robbery,5
1498,1498,20.45533149,85.92203984,03-01-2021 12:28,Assault,6
1499,1499,20.45439746,85.92390792,14-01-2021 21:56,Grievous Hurt,6
1500,1500,20.45449259,85.921742,06-01-2021 09:52,Theft,5
1501,1501,20.45633168,85.92069289,02-02-2021 03:44,Unlawful Assembly,4
1502,1502,20.45750488,85.92272343,07-03-2021 10:43,Theft,2
1503,1503,20.45455601,85.92553236,18-03-2021 02:24,Extortion,4
1504,1504,20.47259318,85.8568072,11-03-2021 15:18,Grievous Hurt,2
1505,1505,20.46868669,85.85905757,10-03-2021 12:06,Criminal Breach of Trust,1
1506,1506,20.46004671,85.8764899,05-04-2021 22:17,Grievous Hurt,2
1507,1507,20.45795557,85.87659371,21-03-2021 21:54,Criminal Breach of Trust,4
1508,1508,20.46121384,85.8836528,17-02-2021 16:13,Assault,4
1509,1509,20.45246322,85.92050675,01-03-2021 06:27,Theft,5
